:020000040800F2
:1000000000000220C5310008CD2F0008D52F0008C0
:10001000DD2F0008E52F0008ED2F0008000000008C
:10002000000000000000000000000000F52F0008A4
:100030000330000800000000113000081F300008E5
:100040001532000815320008153200081532000874
:100050001532000815320008153200081532000864
:100060001532000815320008153200081532000854
:100070001532000815320008153200081532000844
:100080001532000815320008153200081532000834
:100090001532000815320008153200081532000824
:1000A0001532000815320008153200081532000814
:1000B0001532000815320008153200081532000804
:1000C00015320008153200081532000815320008F4
:1000D00015320008153200081532000815320008E4
:1000E00015320008153200081532000815320008D4
:1000F00015320008153200081532000815320008C4
:1001000015320008153200081532000815320008B3
:1001100015320008153200081532000815320008A3
:100120001532000815320008153200081532000893
:100130001532000815320008153200081532000883
:100140001532000815320008153200081532000873
:100150001532000815320008153200081532000863
:100160001532000815320008153200081532000853
:100170001532000815320008153200080000000092
:080180001532000815320008D9
:1001900010B5054C237833B9044B13B10448AFF3C1
:1001A00000800123237010BD8C000020000000009F
:1001B0004C82000808B5034B1BB103490348AFF359
:1001C000008008BD00000000900000204C82000864
:1001D00070B54FF0FF0C4CF4E06C1CEA11541DBFDD
:1001E0001CEA135594EA0C0F95EA0C0F00F0DEF8A8
:1001F0002C4481EA030621EA4C5123EA4C5350EA8D
:10020000013518BF52EA033541F4801143F48013DD
:1002100038D0A0FB02CE4FF00005E1FB02E506F06E
:100220000042E0FB03E54FF00006E1FB03569CF0C3
:10023000000F18BF4EF0010EA4F1FF04B6F5007FC9
:1002400064F5407404D25FEA4E0E6D4146EB06063B
:1002500042EAC62141EA55514FEAC52040EA5E50C4
:100260004FEACE2EB4F1FD0C88BFBCF5E06F1ED86E
:10027000BEF1004F08BF5FEA500E50F1000041EBA5
:10028000045170BD06F0004646EA010140EA020052
:1002900081EA0301B4EB5C04C2BFD4EB0C0541EA74
:1002A000045170BD41F480114FF0000E013C00F389
:1002B000AB8014F1360FDEBF002001F0004170BDAD
:1002C000C4F10004203C35DA0C341BDC04F11404C6
:1002D000C4F1200500FA05F320FA04F001FA05F252
:1002E00040EA020001F0004221F0004110EBD3701F
:1002F00021FA04F642EB06015EEA430E08BF20EA4B
:10030000D37070BDC4F10C04C4F1200500FA04F3ED
:1003100020FA05F001FA04F240EA020001F000417F
:1003200010EBD37041F100015EEA430E08BF20EAF2
:10033000D37070BDC4F1200500FA05F24EEA020E3A
:1003400020FA04F301FA05F243EA020321FA04F069
:1003500001F0004121FA04F220EA020000EBD37020
:100360005EEA430E08BF20EAD37070BD94F0000F20
:100370000FD101F00046400041EB010111F4801F54
:1003800008BF013CF7D041EA060195F0000F18BF05
:10039000704703F00046520043EB030313F4801F41
:1003A00008BF013DF7D043EA0603704794EA0C0FFB
:1003B0000CEA135518BF95EA0C0F0CD050EA410611
:1003C00018BF52EA4306D1D181EA030101F000418E
:1003D0004FF0000070BD50EA410606BF10461946B6
:1003E00052EA430619D094EA0C0F02D150EA0136C2
:1003F00013D195EA0C0F05D152EA03361CBF104603
:1004000019460AD181EA030101F0004141F0FE41A1
:1004100041F470014FF0000070BD41F0FE4141F425
:10042000780170BD81F0004102E000BF83F000431D
:1004300030B54FEA41044FEA430594EA050F08BF7F
:1004400090EA020F1FBF54EA000C55EA020C7FEA43
:10045000645C7FEA655C00F0E2804FEA5454D4EBC0
:100460005555B8BF6D420CDD2C4480EA020281EA8A
:10047000030382EA000083EA010180EA020281EAC2
:100480000303362D88BF30BD11F0004F4FEA013114
:100490004FF4801C4CEA113102D0404261EB410123
:1004A00013F0004F4FEA03334CEA133302D05242A9
:1004B00063EB430394EA050F00F0A780A4F1010465
:1004C000D5F1200E0DDB02FA0EFC22FA05F280189F
:1004D00041F1000103FA0EF2801843FA05F3594185
:1004E0000EE0A5F120050EF1200E012A03FA0EFC04
:1004F00028BF4CF0020C43FA05F3C01851EBE3712E
:1005000001F0004507D54FF0000EDCF1000C7EEB4A
:1005100000006EEB0101B1F5801F1BD3B1F5001F88
:100520000CD349085FEA30004FEA3C0C04F10104A7
:100530004FEA445212F5800F80F09A80BCF1004FD0
:1005400008BF5FEA500C50F1000041EB045141EA52
:10055000050130BD5FEA4C0C404141EB0101013C1B
:1005600028BFB1F5801FE9D291F0000F04BF01460A
:100570000020B1FA81F308BF2033A3F10B03B3F1DC
:1005800020020CDA0C3208DD02F1140CC2F10C026C
:1005900001FA0CF021FA02F10CE002F11402D8BFCA
:1005A000C2F1200C01FA02F120FA0CFCDCBF41EA96
:1005B0000C019040E41AA2BF01EB0451294330BD65
:1005C0006FEA04041F3C1CDA0C340EDC04F1140442
:1005D000C4F1200220FA04F001FA02F340EA030019
:1005E00021FA04F345EA030130BDC4F10C04C4F15F
:1005F000200220FA02F001FA04F340EA030029463F
:1006000030BD21FA04F0294630BD94F0000F83F488
:10061000801306BF81F480110134013D4EE77FEA6B
:10062000645C18BF7FEA655C29D094EA050F08BFB7
:1006300090EA020F05D054EA000C04BF1946104698
:1006400030BD91EA030F1EBF0021002030BD5FEADC
:10065000545C05D14000494128BF41F0004130BD04
:1006600014F580043CBF01F5801130BD01F0004558
:1006700045F0FE4141F470014FF0000030BD7FEACB
:10068000645C1ABF194610467FEA655C1CBF0B46C6
:10069000024650EA013406BF52EA033591EA030FDD
:1006A00041F4002130BD00BF90F0000F04BF0021D5
:1006B000704730B54FF4806404F132044FF0000508
:1006C0004FF0000150E700BF90F0000F04BF002181
:1006D000704730B54FF4806404F1320410F00045E7
:1006E00048BF40424FF000013EE700BF42004FEAE2
:1006F000E2014FEA31014FEA02701FBF12F07F435F
:1007000093F07F4F81F06051704732F07F4208BF15
:10071000704793F07F4F04BF41F40021704730B51C
:100720004FF4607401F0004521F000411CE700BF68
:1007300050EA010208BF704730B54FF000050AE0EB
:1007400050EA010208BF704730B511F0004502D5EC
:10075000404261EB41014FF4806404F132045FEAEE
:10076000915C3FF4D8AE4FF003025FEADC0C18BF97
:1007700003325FEADC0C18BF033202EBDC02C2F189
:10078000200300FA03FC20FA02F001FA03FE40EA1B
:100790000E0021FA02F11444BDE600BF4A0011D256
:1007A00012F5001211D20DD56FF47873B3EB6252CB
:1007B0000ED44FEAC12343F0004343EA505323FAD7
:1007C00002F070474FF00000704750EA013002D14C
:1007D0004FF0FF3070474FF00000704753B94AB9EF
:1007E000002908BF00281CBF4FF0FF314FF0FF3039
:1007F00000F088B9ADF1080C6DE904CE00F006F800
:10080000DDF804E0DDE9022304B070472DE9F0478C
:10081000089D0F4604468C46002B48D18A42164656
:1008200061D9B2FA82F34BB1C3F1200201FA03FCA1
:1008300020FA02F29E4042EA0C0C9C404FEA164E0F
:10084000B7B2BCFBFEF1220C0EFB11CC42EA0C420B
:1008500001FB07F0904209D9B21801F1FF3C80F08A
:10086000EE80904240F2EB8002393244121AA4B278
:10087000B2FBFEF00EFB102244EA024400FB07F735
:10088000A74209D9341900F1FF3280F0DA80A7427B
:1008900040F2D7803444023840EA0140E41B002192
:1008A0001DB1DC400023C5E90043BDE8F0878B4261
:1008B00006D90DB1C5E9000100210846BDE8F08761
:1008C000B3FA83F1002948D1BB4202D3824200F23D
:1008D0000781841A67EB030201209446002DE4D0BF
:1008E000C5E9004CE1E7002A00F09280B2FA82F3F9
:1008F000002B40F0A8808A1A4FEA164E1FFA86FC99
:100900000121200CB2FBFEF70EFB172240EA024247
:100910000CFB07F0904207D9B21807F1FF3802D25A
:10092000904200F2E2804746121AA4B2B2FBFEF0F7
:100930000EFB102244EA02440CFB00FCA44507D93C
:10094000341900F1FF3202D2A44500F2CB801046E8
:10095000A4EB0C0440EA0740A2E7C1F120068B405B
:1009600022FA06FC4CEA030C07FA01F420FA06F31B
:10097000F7404FEA1C49234300FA01F81FFA8CFEA6
:10098000B7FBF9F01C0C09FB107744EA074400FBA5
:100990000EF7A74202FA01F20AD91CEB040400F197
:1009A000FF3A80F09B80A74240F29880023864446E
:1009B000E41B9FB2B4FBF9F309FB134447EA044478
:1009C00003FB0EFEA64509D91CEB040403F1FF3717
:1009D00080F08280A6457FD9023B644443EA004010
:1009E000A4EB0E04A0FB02E7BC427346B94663D3F6
:1009F00060D05DB1B8EB030264EB090404FA06F6BB
:100A000022FA01F31E43CC40C5E9006400214CE703
:100A10006208480842EAC1710B0C43EA00438AB2FB
:100A200042EA0342B3FBF6F1E407B4463746B64662
:100A30001F23B0FBF6F0D21B41EA004161E761469B
:100A400014E7104628E7C3F1200120FA01F29E4086
:100A500027FA01F19F403A434FEA164E1FFA86FCEF
:100A6000B1FBFEF70EFB1710110C41EA004107FB2A
:100A70000CF8884504FA03F43AD9711807F1FF30ED
:100A800001D288451FD8A1EB0801B1FBFEF808FB95
:100A90000CF70EFB181192B242EA0142BA422FD271
:100AA000B21808F1FF31C6D2BA42C4D2A8F102018D
:100AB0003244C0E7F0459CD2BEEB020367EB0C0763
:100AC0000138B94695E7A6EB08084144B81EB1FBCA
:100AD000FEF808FB0CF7DCE73B467FE7504667E78C
:100AE0000846FBE63444023832E7023F32441BE753
:100AF000A1EB08013846B1FBFEF808FB0CF7C8E78C
:100B0000414698E7704700BF000000000000000069
:100B100001F0FF01102A2BDB10F0070F08D010F8AE
:100B2000013B013A8B422DD010F0070F42B3F6D1B2
:100B3000F0B441EA012141EA014122F007047FF0CB
:100B400000070023F0E80256083C85EA010586EA22
:100B5000010685FA47F5A3FA87F586FA47F6A5FA5E
:100B600087F68EB9EED1F0BC01F0FF0102F007026A
:100B700032B110F8013B013A83EA010313B1F8D115
:100B80000020704701387047002D06BF35460338F6
:100B9000073815F0010F07D1013015F4807F02BF2F
:100BA000013015F4C03F0130F0BC0138704700BF80
:100BB00080B400AF064BD3F88830054A43F4700385
:100BC000C2F8883000BFBD465DF8047B704700BFA7
:100BD00000ED00E080B582B000AF78607B68002B4C
:100BE00001D1012314E07B681B79DBB2002B05D116
:100BF0007B6800225A71786802F0CAF87B6802228A
:100C00001A717B6800221A617B6801221A71002325
:100C100018460837BD4680BD80B483B000AF786009
:100C200039607B68002B01D1012346E07B685B794A
:100C3000012B01D1022340E07B6801225A717B68BD
:100C400002221A717B681B6819683B6803F0100365
:100C500001229A407B681B680A431A603B68002B9C
:100C60000FD17B681B681B6803F03C033C2B1DD134
:100C70007B681B685A687B681B6842F001025A60F7
:100C800014E07B681B681B6803F470123B6803F078
:100C900010033C2101FA03F39A4207D17B681B68D9
:100CA0005A687B681B6842F002025A607B68012226
:100CB0001A717B6800225A71002318460C37BD4612
:100CC0005DF8047B704780B487B000AFF860B9600E
:100CD0007A603B6000237B61FB68002B01D101231C
:100CE00015E0FB681B687B61BB68002B05D17A6946
:100CF0007B68134408337B6104E07A697B681344A2
:100D000014337B617B691A463B68136000231846E5
:100D10001C37BD465DF8047B704780B489B000AFD6
:100D2000F860B9607A600023FB77FB68002B02D083
:100D3000BB68002B01D1012342E0FB685B79012BEA
:100D400001D102233CE0FB6801225A71FB680222B8
:100D50001A71FB681B681B68BB617B6803F010039A
:100D600040F6FE7202FA03F3DB43BA691340BB613B
:100D7000BB681A68BB685B6813437B617B6803F0E0
:100D800010037A6902FA03F3BA691343BB61FB6883
:100D90001B68BA691A60FB681B6819687B6803F0F6
:100DA0001003C02202FA03F3DA43FB681B680A400F
:100DB0001A60FB6801221A71FB6800225A71FB7FDE
:100DC00018462437BD465DF8047B704780B586B071
:100DD00000AF78607B68002B01D1012367E27B685C
:100DE0001B6803F00103002B75D0884B9B6803F050
:100DF0000C03042B0CD0854B9B6803F00C03082BD1
:100E000012D1824B5B6803F48003B3F5800F0BD1E2
:100E10007E4B1B6803F40033002B5BD07B685B6860
:100E2000002B57D1012342E27B685B68B3F5803F1A
:100E300006D1764B1B68754A43F4803313601DE07E
:100E40007B685B68B3F5A02F0CD1704B1B686F4AB1
:100E500043F4802313606D4B1B686C4A43F480336A
:100E600013600BE0694B1B68684A23F480331360FE
:100E7000664B1B68654A23F4802313607B685B68BC
:100E8000002B13D000F0DEFE386108E000F0DAFE3F
:100E900002463B69D31A642B01D9032307E25B4B5B
:100EA0001B6803F40033002BF0D014E000F0CAFEFE
:100EB000386108E000F0C6FE02463B69D31A642B95
:100EC00001D90323F3E1514B1B6803F40033002BDA
:100ED000F0D100E000BF7B681B6803F00203002B29
:100EE00063D04A4B9B6803F00C03002B0BD0474B9D
:100EF0009B6803F00C03082B1CD1444B5B6803F484
:100F00008003002B16D1414B1B6803F00203002B1A
:100F100005D07B68DB68012B01D00123C7E13B4B87
:100F20001B6823F0F8027B681B69DB003749134319
:100F30000B603AE07B68DB68002B20D0344B012249
:100F40001A6000F07FFE386108E000F07BFE024688
:100F50003B69D31A022B01D90323A8E12B4B1B6851
:100F600003F00203002BF0D0284B1B6823F0F8029B
:100F70007B681B69DB00254913430B6015E0244B9C
:100F800000221A6000F05EFE386108E000F05AFEB0
:100F900002463B69D31A022B01D9032387E11B4B7D
:100FA0001B6803F00203002BF0D17B681B6803F081
:100FB0000803002B36D07B685B69002B16D0154BDD
:100FC00001221A6000F03EFE386108E000F03AFEAF
:100FD00002463B69D31A022B01D9032367E10B4B6D
:100FE0005B6F03F00203002BF0D01BE0094B0022E3
:100FF0001A6000F027FE38610EE000F023FE024682
:101000003B69D31A022B07D9032350E10038024071
:1010100000004742800E4742884B5B6F03F002039B
:10102000002BEAD17B681B6803F00403002B00F05F
:1010300097800023FB75814B1B6C03F08053002BC2
:101040000FD10023BB607D4B1B6C7C4A43F0805367
:1010500013647A4B1B6C03F08053BB60BB680123A5
:10106000FB75774B1B6803F48073002B18D1744B0E
:101070001B68734A43F48073136000F0E3FD38612A
:1010800008E000F0DFFD02463B69D31A022B01D9CC
:1010900003230CE16A4B1B6803F48073002BF0D030
:1010A0007B689B68012B06D1644B1B6F634A43F03E
:1010B000010313671CE07B689B68052B0CD15F4B19
:1010C0001B6F5E4A43F0040313675C4B1B6F5B4A64
:1010D00043F0010313670BE0584B1B6F574A23F093
:1010E00001031367554B1B6F544A23F00403136726
:1010F0007B689B68002B15D000F0A4FD38610AE0E6
:1011000000F0A0FD02463B69D31A41F288329342B7
:1011100001D90323CBE0494B1B6F03F00203002BE3
:10112000EED014E000F08EFD38610AE000F08AFD98
:1011300002463B69D31A41F28832934201D9032314
:10114000B5E03E4B1B6F03F00203002BEED1FB7D9D
:10115000012B05D1394B1B6C384A23F080531364A3
:101160007B689B69002B00F0A180344B9B6803F0E7
:101170000C03082B5CD07B689B69022B41D1314B5F
:1011800000221A6000F05EFD386108E000F05AFDB0
:1011900002463B69D31A022B01D9032387E0274B70
:1011A0001B6803F00073002BF0D17B68DA697B6861
:1011B0001B6A1A437B685B6A9B011A437B689B6AC4
:1011C0005B08013B1B041A437B68DB6A1B061B4957
:1011D00013434B601B4B01221A6000F033FD386152
:1011E00008E000F02FFD02463B69D31A022B01D91B
:1011F00003235CE0114B1B6803F00073002BF0D05D
:1012000054E0104B00221A6000F01CFD386108E029
:1012100000F018FD02463B69D31A022B01D90323C3
:1012200045E0064B1B6803F00073002BF0D13DE056
:101230007B689B69012B07D1012338E0003802400D
:1012400000700040600047421B4B5B68FB607B689E
:101250009B69012B28D0FB6803F480027B68DB6963
:101260009A4221D1FB6803F03F027B681B6A9A42D5
:101270001AD1FA6847F6C07313407A68526A92012D
:10128000934211D1FB6803F440327B689B6A5B0890
:10129000013B1B049A4207D1FB6803F070627B6834
:1012A000DB6A1B069A4201D0012300E000231846A6
:1012B0001837BD4680BD00BF0038024080B584B0FD
:1012C00000AF786039607B68002B01D10123CCE04E
:1012D000684B1B6803F007033A689A420CD9654BC8
:1012E0003A68D2B21A70634B1B6803F007033A687E
:1012F0009A4201D00123B8E07B681B6803F0020327
:10130000002B20D07B681B6803F00403002B05D062
:10131000594B9B68584A43F4E05393607B681B68C1
:1013200003F00803002B05D0534B9B68524A43F44B
:1013300060439360504B9B6823F0F0027B689B688E
:101340004D4913438B607B681B6803F00103002B3E
:1013500044D07B685B68012B07D1474B1B6803F4C3
:101360000033002B19D101237FE07B685B68022BDF
:1013700003D07B685B68032B07D13F4B1B6803F0EE
:101380000073002B09D101236FE03B4B1B6803F076
:101390000203002B01D1012367E0374B9B6823F048
:1013A00003027B685B68344913438B6000F04AFC9E
:1013B000F8600AE000F046FC0246FB68D31A41F2EE
:1013C0008832934201D903234FE02B4B9B6803F0F3
:1013D0000C027B685B689B009A42EBD1254B1B6833
:1013E00003F007033A689A420CD2224B3A68D2B211
:1013F0001A70204B1B6803F007033A689A4201D029
:10140000012332E07B681B6803F00403002B08D043
:10141000194B9B6823F4E0527B68DB681649134341
:101420008B607B681B6803F00803002B09D0124B0C
:101430009B6823F460427B681B69DB000E49134301
:101440008B6000F021F802460B4B9B681B0903F0F0
:101450000F030A49CB5C22FA03F3094A1360094BD4
:101460001B68184600F0AAFB002318461037BD463B
:1014700080BD00BF003C0240003802407483000879
:1014800000000020040000202DE9B04F90B000AF14
:1014900000237B630023FB6300233B630023BB63C8
:1014A000584B9B6803F00C03082B0DD0082B00F25F
:1014B000A080002B02D0042B03D09AE0524BBB63D8
:1014C0009AE0524BBB6397E04E4B5B6803F03F03DF
:1014D0007B634C4B5B6803F48003002B27D0494BA4
:1014E0005B689B0900223B627A623B6AC3F3080097
:1014F0000021464B03FB01F2002300FB03F31344DE
:10150000424AA0FB0221F962BA62FA6A1344FB6202
:101510007B6B0022BB61FA61D7E90623D7E90A0198
:10152000FFF75CF902460B461346FB6353E0354B6D
:101530005B689B0900223B617A613B69C3F3080A3F
:101540004FF0000B52465B464FF000004FF0000199
:10155000590141EAD261500102460B46B2EB0A083A
:1015600063EB0B094FF000024FF000034FEA8913C1
:1015700043EA98634FEA8812B2EB080463EB09056B
:101580004FF000024FF00003EB0043EA5473E20017
:1015900014461D4614EB0A033B6045EB0B037B60CE
:1015A0004FF000024FF00003D7E9004529468B02B7
:1015B000214643EA915321468A02104619467B6B25
:1015C0000022BB60FA60D7E90223FFF707F9024661
:1015D0000B461346FB630B4B5B681B0C03F00303CA
:1015E00001335B003B63FA6B3B6BB2FBF3F3BB6312
:1015F00002E0054BBB6300BFBB6B18464037BD46DE
:10160000BDE8B08F003802400024F40040787D012E
:1016100080B489B000AF7860396000237B6100231B
:101620003B610023BB610023FB616BE10122FB698D
:1016300002FA03F37B613B681B687A6913403B61E4
:101640003A697B699A4240F05A813B685B6803F0D3
:101650000303012B05D03B685B6803F00303022BF7
:1016600030D17B689B68BB61FB695B00032202FA97
:1016700003F3DB43BA691340BB613B68DA68FB697B
:101680005B0002FA03F3BA691343BB617B68BA6972
:101690009A607B685B68BB610122FB6902FA03F315
:1016A000DB43BA691340BB613B685B681B0903F00D
:1016B0000102FB6902FA03F3BA691343BB617B6859
:1016C000BA695A603B685B6803F00303032B17D0C9
:1016D0007B68DB68BB61FB695B00032202FA03F3F2
:1016E000DB43BA691340BB613B689A68FB695B00E6
:1016F00002FA03F3BA691343BB617B68BA69DA6023
:101700003B685B6803F00303022B23D1FB69DA0813
:101710007B68083253F82230BB61FB6903F0070392
:101720009B000F2202FA03F3DB43BA691340BB614B
:101730003B681A69FB6903F007039B0002FA03F395
:10174000BA691343BB61FB69DA087B680832B9697F
:1017500043F822107B681B68BB61FB695B000322B6
:1017600002FA03F3DB43BA691340BB613B685B6871
:1017700003F00302FB695B0002FA03F3BA69134347
:10178000BB617B68BA691A603B685B6803F44033ED
:10179000002B00F0B4800023FB60604B5B6C5F4A61
:1017A00043F4804353645D4B5B6C03F48043FB6004
:1017B000FB685B4AFB699B08023352F82330BB612C
:1017C000FB6903F003039B000F2202FA03F3DB43E0
:1017D000BA691340BB617B68524A93422BD07B6845
:1017E000514A934225D07B68504A93421FD07B6870
:1017F0004F4A934219D07B684E4A934213D07B687C
:101800004D4A93420DD07B684C4A934207D07B6887
:101810004B4A934201D107230EE008230CE0062334
:101820000AE0052308E0042306E0032304E0022382
:1018300002E0012300E00023FA6902F003029200B3
:101840009340BA691343BB613549FB699B08023376
:10185000BA6941F823203B4B9B68BB613B69DB4382
:10186000BA691340BB613B685B6803F48013002BCB
:1018700003D0BA693B691343BB61324ABB699360C9
:10188000304BDB68BB613B69DB43BA691340BB612A
:101890003B685B6803F40013002B03D0BA693B6913
:1018A0001343BB61274ABB69D360264B5B68BB61AE
:1018B0003B69DB43BA691340BB613B685B6803F477
:1018C0000033002B03D0BA693B691343BB611D4A47
:1018D000BB6953601B4B1B68BB613B69DB43BA6947
:1018E0001340BB613B685B6803F48033002B03D07B
:1018F000BA693B691343BB61124ABB691360FB6958
:101900000133FB61FB690F2B7FF690AE00BF00BF78
:101910002437BD465DF8047B704700BF00380240A5
:10192000003801400000024000040240000802406C
:10193000000C024000100240001402400018024057
:10194000001C0240003C014080B485B000AF7860CC
:101950000B467B807B681A697B881340002B02D082
:101960000123FB7301E00023FB73FB7B1846143754
:10197000BD465DF8047B704780B483B000AF7860EB
:101980000B467B8013467B707B78002B03D07A88D4
:101990007B689A6103E07B881A047B689A6100BFC8
:1019A0000C37BD465DF8047B7047000080B485B0FD
:1019B00000AF78607B6803F00703FB600C4BDB68CB
:1019C000BB60BA684FF6FF031340BB60FB681A02A6
:1019D000BB68134343F0BF6343F40033BB60044A66
:1019E000BB68D36000BF1437BD465DF8047B704709
:1019F00000ED00E080B400AF044BDB681B0A03F08D
:101A000007031846BD465DF8047B704700ED00E013
:101A100080B483B000AF03463960FB7197F907309B
:101A2000002B0ADB3B68DAB20C4997F90730120148
:101A3000D2B20B4483F800230AE03B68DAB20849CB
:101A4000FB7903F00F03043B1201D2B20B441A7668
:101A500000BF0C37BD465DF8047B704700E100E035
:101A600000ED00E080B489B000AFF860B9607A6042
:101A7000FB6803F00703FB61FB69C3F10703042B59
:101A800028BF0423BB61FB690433062B02D9FB6921
:101A9000033B00E000237B614FF0FF32BB6902FA99
:101AA00003F3DA43BB681A407B699A404FF0FF3179
:101AB0007B6901FA03F3D9437B680B401343184653
:101AC0002437BD465DF8047B7047000080B582B0C6
:101AD00000AF78607B68013BB3F1807F01D30123C5
:101AE0000FE00A4A7B68013B53600F214FF0FF3043
:101AF000FFF78EFF054B00229A60044B07221A6005
:101B0000002318460837BD4680BD00BF10E000E046
:101B100080B582B000AF78607868FFF747FF00BFFC
:101B20000837BD4680BD80B586B000AF0346B960BA
:101B30007A60FB7300237B61FFF75CFF78617A6852
:101B4000B9687869FFF78EFF024697F90F301146A2
:101B50001846FFF75DFF00BF1837BD4680BD80B552
:101B600082B000AF78607868FFF7B0FF0346184690
:101B70000837BD4680BD000080B500AF0E4B1B6826
:101B80000D4A43F4007313600B4B1B680A4A43F47D
:101B900080631360084B1B68074A43F4807313602B
:101BA0000320FFF7B5FF0F2000F008F801F03EFA20
:101BB0000023184680BD00BF003C024080B582B0C3
:101BC00000AF7860124B1A68124B1B7819464FF41D
:101BD0007A73B3FBF1F3B2FBF3F31846FFF7BFFFE1
:101BE0000346002B01D001230EE07B680F2B0AD89F
:101BF000002279684FF0FF30FFF795FF064A7B68B7
:101C00001360002300E0012318460837BD4680BD5D
:101C100000000020080000200400002080B400AF75
:101C2000064B1B781A46064B1B681344044A136084
:101C300000BFBD465DF8047B704700BF0800002070
:101C4000A800002080B400AF034B1B681846BD46B7
:101C50005DF8047B704700BFA800002080B584B009
:101C600000AF7860FFF7EEFFB8607B68FB60FB6851
:101C7000B3F1FF3F05D00A4B1B781A46FB681344AB
:101C8000FB6000BFFFF7DEFF0246BB68D31AFA68AD
:101C90009A42F7D800BF00BF1037BD4680BD00BFD5
:101CA0000800002080B487B000AF786039603B68DE
:101CB0001A687B6853F822303A68126823F00101F1
:101CC0007B6843F822103B689B68082B02D14023B5
:101CD0007B6101E000237B613B685A687B691A43A2
:101CE0003B689B681A433B68DB681A433B681B6987
:101CF0001A433B685B691A433B68DB691A433B68DC
:101D00001B6A1A433B685B6A1A433B689B6A1A4327
:101D10003B68DB6A1A433B681B6B13433B613B68C0
:101D20009B693A6913433B613B68DB6B3A69134338
:101D30003B61104BFB60FB6843F48063FB60FB6816
:101D400043F4E023FB603B681A687B6853F8222069
:101D5000FB68DB4302EA03013B681A683B691943ED
:101D60007B6843F82210002318461C37BD465DF8F7
:101D7000047B70477FFB080080B485B000AFF8603B
:101D8000B9607A60BB681A68BB685B681B011A435C
:101D9000BB689B681B021A43BB68DB681B041A43C1
:101DA000BB681B69013B1B051A43BB685B69023BAF
:101DB0001B0642EA0301BB689B697A68013219433A
:101DC000FB6843F82210002318461437BD465DF81F
:101DD000047B704780B485B000AFF860B9607A606A
:101DE0003B603B68B3F5804F1DD1FB687A6853F8C0
:101DF0002220134B1340BA681168BA685268120166
:101E00001143BA68926812021143BA689269114389
:101E1000BA68D26812040A4343EA0201FB687A688E
:101E200043F8221005E0FB687A686FF0704143F8D0
:101E30002210002318461437BD465DF8047B704716
:101E40000000F0CF80B584B000AFF860B9607A6070
:101E5000FB68002B01D1012338E0FB6893F849307F
:101E6000DBB2002B06D1FB68002283F84820F8681B
:101E700001F0A2F8FB681A68FB680833194610469F
:101E8000FFF710FFFB681868FB689B681A46B96883
:101E9000FFF772FFFB685868FB689A68FB681B6B6A
:101EA0007968FFF797FFFB681B68FA68926853F838
:101EB0002210FB681B68FA68926841F0010143F840
:101EC0002210FB68012283F84920002318461037AE
:101ED000BD4680BD80B584B000AF78607B681A686D
:101EE0007B689B8819461046FFF72EFD0346FB735F
:101EF000FFF7A8FEB8607B68DB79FA7B9A4205D0D1
:101F00007B68FA7BDA717B68BA689A607B689B7938
:101F1000FA7B9A420DD07B689B68BA68D31A1D2B56
:101F200007D97B68FA7B9A71FB7B012B01D10123D6
:101F300000E0002318461037BD4680BD80B584B050
:101F400000AF0346FB80FB88B3F5486F02D94FF41E
:101F50004863FB800E4AFB881380FA8813461B03F4
:101F60009B1A03F272639B080A4AA2FB03235B09D4
:101F7000FB60FB68002200210748FEF7A4FE034631
:101F8000002B01D000F060FE00BF1037BD4680BDC1
:101F90000A0000209F00EE09D400002080B584B024
:101FA00000AF7860134B1B881A467B681344FB60B4
:101FB000FB68002B02DA0023FB6006E0FB68B3F548
:101FC000486F02DD4FF44863FB60FB689AB2094B2F
:101FD0001B889A420AD0FB689BB21846FFF7AEFFF7
:101FE000054B1B78002B01D100F0F8F900BF10372A
:101FF000BD4680BD0A000020C400002080B500AFAF
:10200000114B1B78002B03D1104B00221A701AE0E1
:102010000F4B1B78002B0CD00E4B1B680E4A1288FE
:102020001146184604F047FD03461A46074B1A703E
:1020300009E0084B1B680021184604F03CFD0346EC
:102040001A46024B1A7080BDAC000020AD00002083
:10205000120000200C0000201000002090B587B076
:1020600002AF0446084611461A462346FB80034643
:10207000BB800B467B8013463B800023FB8102E044
:10208000FB890133FB81FB893A6A13441B78002BDF
:10209000F6D1FB89DB00BB817A88FB88D31A5A1CF6
:1020A000BB899A4209D97A88FB88D31A1A46BB8918
:1020B000D31A01335B089BB200E00023FA88134473
:1020C0007B813A88BB88D31A0133102B06D93A8812
:1020D000BB88D31A0F3B5B089BB200E00023BA8891
:1020E00013443B810C4ABB8C13803B887A88B988A7
:1020F000F88804F09BF9BB8902339AB23989788950
:102100003B6A019310230093102304F093FB00BF5C
:102110001437BD4690BD00BF4001002080B500AF20
:1021200001F06AFD012001F0AFFC094B4FF6FF7290
:102130001A8004F067FE04F0CBFB03461A46054BF9
:102140001A70FFF75BFF00F007F800BF80BD00BF0B
:102150002C000020AC00002080B582B002AF4FF60A
:10216000FF7004F073F8874B4FF6FF721A80864BAE
:102170004FF478421A80854B01931823009318235B
:10218000D22205213A2004F055FB7F4B00221A8011
:102190007F4B019310230093102330222F2108201E
:1021A00004F048FB4723AA2226213E2004F03EF9F2
:1021B0001F230193774B00934723F2222621BE2051
:1021C000FFF74CFF1F230193734B009347234FF4FA
:1021D00098722621FC20FFF741FF6B4B00221A80EA
:1021E0006E4B0193102300931023302257210820B7
:1021F00004F020FB644B1F221A806D234FF49B7266
:102200004F213E2004F012F95F4B00221A80644BEC
:102210001A6810230093082357214A2004F0FCF980
:10222000604B0193102300931023182257218F2015
:1022300004F000FB544B48F230421A805A4B019391
:1022400010230093102348225721DD2004F0F2FAD6
:102250004D4B00221A80554B0193102300931023FD
:1022600030227D21082004F0E5FA474B1F221A8016
:1022700093234FF49B7275213E2004F0D7F8424B14
:1022800000221A804A4B1B881A461023009303230E
:102290007D214A2004F0C0F9464B0193102300939E
:1022A000102330227D21692004F0C4FA364B48F215
:1022B00030421A803C4B0193102300931023482294
:1022C0007D21DD2004F0B6FA3B4B1B78002B0ED1AC
:1022D0002D4B4FF478421A80384B01931023009312
:1022E000102370229C21692004F0A4FA20E0344BD2
:1022F0001B78002B0ED1244B4FF478421A80314BBF
:10230000019310230093102378229C21652004F070
:1023100091FA0DE01C4B4FF4FC621A802A4B01939A
:1023200010230093102350229C21782004F082FA7D
:10233000264B1B78002B01D0254B00E0254B234A70
:102340001278002A02D04FF4FC6201E04FF4784288
:1023500001920093D423F522B2214B20FFF77EFE99
:10236000094B1F221A801C4B01930C2300930C2352
:10237000B422DC214E2004F05DFA00F02FF800BFFB
:10238000BD4680BD2C000020400100206482000872
:102390007882000880820008848200088882000811
:1023A0000C00002090820008948200089C820008A3
:1023B00010000020A4820008AC000020AC820008BD
:1023C000AD000020BC820008CC8200081200002072
:1023D000D8820008E8820008F882000880B584B03E
:1023E00002AF284B1B88284AA2FB03239B099BB200
:1023F0007B60244B1B88244AA2FB031292094FF4F2
:102400007A7101FB02F29B1A9BB2204AA2FB0323C2
:10241000DB089BB23B604FF6FF7300934523A82275
:102420002821402003F040FF194B4FF4FC621A8032
:102430001823009301237A682C214B2004F0ECF838
:10244000144B01931823009318230E222C2157209C
:1024500004F0F0F9802301931823009302233A68D3
:102460002C21632004F04AF90B4B019318230093AD
:10247000182312222C217F2004F0DCF900BF08373A
:10248000BD4680BD0A000020D34D6210CDCCCCCC1F
:1024900040010020108300081483000880B582B03A
:1024A00000AF0346FB71094AFB791370084B002209
:1024B0001A70084B00221A70074B00221A7000F0A5
:1024C00069F800BF0837BD4680BD00BFC4000020CA
:1024D000D2000020C8000020D300002080B582B0C8
:1024E00002AF4FF6FF73009343234FF486722B2104
:1024F0000A2003F0D9FE1F4B00221A801E4B1B78C6
:10250000002B0AD01D4B0193102300931023782237
:102510003021122004F08EF917E0194B1B78012BA3
:1025200009D1184B1A681023009308233021122078
:1025300004F072F809E0144B1B881A46102300932C
:1025400003233021122004F067F8104B1B78002B76
:102550000DD0084B4FF478421A800D4B0193102395
:102560000093102340223021B42004F063F900BF0F
:10257000BD4680BD40010020D2000020C8000020E0
:10258000C40000200C00002010000020D300002018
:102590001883000890B587B002AF4FF6FF7003F0C4
:1025A00055FE4E4B4FF6FF721A804D4B4FF478425A
:1025B0001A804C4B1B78012B01D14B4B00E04B4B4D
:1025C0000193182300931823BE220721082004F04A
:1025D00031F9434B48F230421A80424B1B78012BB1
:1025E00001D1434B00E0434B01930C2300930C2398
:1025F0004E220C21CA2004F01DF9394B1F221A80EB
:1026000045234FF487722921082003F00FFF4FF470
:1026100078430193384B0093462340F23B12262126
:102620004FF48C70FFF71AFD0023FB734CE000237E
:10263000BB7343E0BB7B9BB21A4652001A44920024
:102640001344DB009BB20833BB81FB7B9BB21A4671
:1026500092001A44D200D31A9BB24A337B81FA7B90
:10266000B97B264813465B00134403440B441B7894
:102670003B7100237B710023BB71FA7BB97B1F4840
:1026800013465B00134403440B441B784F2B03D1C8
:102690004F233B714B237B71BB895F339AB27B899C
:1026A00021339CB27989B8891F2301933B1D009384
:1026B0002346FFF7D3FCBB7B0133BB73BB7B022BF1
:1026C000B8D9FB7B0133FB73FB7B032BAFD9FFF73F
:1026D00005FF00BF1437BD4690BD00BF2C00002091
:1026E00040010020C400002020830008308300083F
:1026F00040830008508300085C830008848300083E
:1027000080B483B000AF0346FB71FB793C2B10D142
:102710001A4B1B78002B28D0184B1B78013BDAB2E0
:10272000164B1A70154B1B781A46154B00219954FD
:102730001BE0FB792F2B18D9FB79392B15D80F4BC0
:102740001B78082B11D80D4B1B7819460C4AFB79C6
:1027500053540A4B1B780133DAB2084B1A70074BFB
:102760001B781A46064B00219954064B00221A701A
:1027700000BF0C37BD465DF8047B7047D2000020D7
:10278000C8000020D300002080B483B000AF002335
:102790007B600023FB700EE07A6813469B001344B5
:1027A0005B001946FB780A4AD35C0B44303B7B60E4
:1027B000FB780133FB70074B1B78FA789A42EBD316
:1027C0007B6818460C37BD465DF8047B704700BF38
:1027D000C8000020D200002080B586B000AF0346BC
:1027E0000A46FB801346BB80FB88B3F58C7F0FD372
:1027F000FB88B3F5A07F0BD2BB88212B08D9BB88FF
:10280000482B05D84B4B00221A70FFF7A5FC8EE031
:102810000023FB7587E00023BB757DE0BB7D9BB289
:102820001A4652001A4492001344DB009BB208334C
:102830007B82FB7D9BB21A4692001A44D200D31AC7
:102840009BB24A333B82FA887B8A9A4261D3FA88E8
:102850007B8A60339A425CD2BA883B8A9A4258D3C8
:10286000BA883B8A22339A4253D2FA7DB97D3248E4
:1028700013465B00134403440B441B78FB73FB7B40
:102880004F2B3FD12D4B1B78002B03D0FFF77CFF44
:10289000034608E0274B1B78012B02D0284B1B88EE
:1028A00001E0284B1B68BB6000237B75214B1B7824
:1028B000012B0CD1BB68002B13D0BB68224A93427A
:1028C0000FD8204ABB68136001237B7509E0BB6801
:1028D000B3F5FA7F05D8BB689AB2194B1A80012369
:1028E0007B757B7D002B07D0FFF788FB114B002207
:1028F0001A70FFF731FC1AE0144B01221A70FFF72F
:10290000EDFD14E0FB7B1846FFF7FAFEFFF7E6FD4E
:102910000DE0BB7D0133BB75BB7D022B7FF67EAF27
:10292000FB7D0133FB75FB7D032B7FF674AF1837FE
:10293000BD4680BDC400002090830008D200002066
:10294000100000200C00002080969800D30000208A
:1029500080B582B000AF03460A46FB801346BB80B9
:10296000354B1B78002B06D0BA88FB8811461846D9
:10297000FFF732FF5CE0FB88BD2B0DD9FB88F22B03
:102980000AD8BB88252B07D9BB88472B04D86FF002
:102990000900FFF703FB4BE0FB88FB2B0DD9FB88FD
:1029A000B3F5987F09D8BB88252B06D9BB88472B60
:1029B00003D80A20FFF7F2FA3AE0FB883D2B0DD945
:1029C000FB88B3F59B7F09D8BB884E2B06D9BB8803
:1029D0006D2B03D80120FFF761FD29E0FB883D2B1B
:1029E0000DD9FB88B3F59B7F09D8BB88742B06D91A
:1029F000BB88932B03D80220FFF750FD18E0FB881B
:102A00004A2B15D9FB88F52B12D8BB88B12B0FD9CF
:102A1000BB88D42B0CD8094B1B78002B01D1012289
:102A200000E00022054B1A70FFF7E8FAFFF794FB6D
:102A30000837BD4680BD00BFC40000201200002042
:102A400080B582B000AFFFF7FDF87860294B1B68B6
:102A50007A68D31A092B44D9264A7B68136004F09C
:102A6000AFFA0346002B1FD1234B00221A70234BD1
:102A70001B78002B14D0224B1B68002B03D1204A5B
:102A80007B6813602FE01E4B1B687A68D31A272BD4
:102A900029D91A4B00221A70194B00221A6022E021
:102AA000174B00221A601EE0154B00221A60134BD0
:102AB0001B78002B19D1104804F02AFA0346002B8A
:102AC00014D00D4B1B78002B10D00C4B01221A7028
:102AD000094B5B88084A928811461846FFF738FF71
:102AE00004E000BF02E000BF00E000BF0837BD46C1
:102AF00080BD00BFBC000020B0000020BA00002054
:102B0000C000002080B500AFFFF736F800F032F8C3
:102B100000F0A0F800F012F900F07EF90021124850
:102B2000FEF77AF80346002B01D000F08DF84FF441
:102B30007A70FFF703FAFFF7F1FA0C48FFF7CAF9CA
:102B40000346002B02D00A20FFF728FA0848FFF7B7
:102B5000C1F90346002B03D06FF00900FFF71EFAFE
:102B6000FFF76EFFE9E700BFD4000020140000204B
:102B70002000002080B594B000AF07F12003302280
:102B80000021184604F050FD07F10C0300221A60E2
:102B90005A609A60DA601A610023BB60284B1B6C94
:102BA000274A43F080531364254B1B6C03F080537A
:102BB000BB60BB6800237B60224B1B68214A43F447
:102BC000804313601F4B1B6803F480437B607B686A
:102BD00002233B620123FB6210233B630223BB639E
:102BE0000023FB6308233B64A8237B640223BB64AC
:102BF0000423FB6407F120031846FEF7E7F80346B9
:102C0000002B01D000F020F80F23FB6002233B6172
:102C100000237B614FF4A053BB614FF48053FB61F1
:102C200007F10C0305211846FEF748FB0346002B6D
:102C300001D000F009F800BF5037BD4680BD00BF8D
:102C4000003802400070004080B400AF72B600BF90
:102C500000BFFDE780B58AB000AF07F11403002282
:102C60001A605A609A60DA601A6100233B61304B47
:102C70001B6B2F4A43F0100313632D4B1B6B03F0A8
:102C800010033B613B690023FB60294B1B6B284A07
:102C900043F001031363264B1B6B03F00103FB603E
:102CA000FB680023BB60224B1B6B214A43F02003CF
:102CB00013631F4B1B6B03F02003BB60BB68002337
:102CC0007B601B4B1B6B1A4A43F008031363184BC2
:102CD0001B6B03F008037B607B6800233B60144B95
:102CE0001B6B134A43F040031363114B1B6B03F040
:102CF00040033B603B6810237B610023BB610223E0
:102D0000FB6107F1140319460A48FEF781FC012311
:102D10007B610023BB610223FB6107F114031946A9
:102D20000548FEF775FC00BF2837BD4680BD00BFD3
:102D300000380240001002400000024080B582B01E
:102D400000AF3B4600221A605A600F4B0F4A1A60D0
:102D50000D48FDF73FFF0346002B01D0FFF774FF3E
:102D600000233B6002237B603B4600221946064855
:102D7000FDF7D3FF0346002B01D0FFF765FF00BF2F
:102D80000837BD4680BD00BFD4000020007400405D
:102D900080B58AB000AF786007F1140300221A6092
:102DA0005A609A60DA601A617B681B68174A93421E
:102DB00027D100233B61164B1B6C154A43F000538F
:102DC0001364134B1B6C03F000533B613B690023FE
:102DD000FB600F4B1B6B0E4A43F0010313630C4B5C
:102DE0001B6B03F00103FB60FB6810237B61032373
:102DF000BB610023FB6107F1140319460548FEF788
:102E000007FC00BF2837BD4680BD00BF00740040EE
:102E1000003802400000024080B588B000AF3B1D82
:102E200000221A605A609A60DA601A615A619A61E7
:102E3000274B4FF020421A60254B264A5A60244BFC
:102E400006229A60224B0022DA60214B00221A618E
:102E50001F4B10225A611E4B00229A611C4B00220C
:102E6000DA611B4B00221A62194B00225A62184B7E
:102E70004FF480529A62164B0022DA62144B002201
:102E80001A63134B00225A63114B00229A63104BB2
:102E900000225A6409237B600F23BB600923FB6077
:102EA0000F233B6110237B611123BB610023FB6176
:102EB0003B1D002219460648FEF7C4FF0346002BBF
:102EC00001D0FFF7C1FE00BF2037BD4680BD00BF67
:102ED000E8000020040100A080B586B000AF3B1DD3
:102EE00000221A605A609A60DA601A612C4B1B68E3
:102EF000002B51D12A4B01221A6000233B60294B41
:102F00009B6B284A43F001039363264B9B6B03F0B2
:102F100001033B603B684FF480537B600223BB603E
:102F20000023FB6003233B610C237B613B1D19469F
:102F30001D48FEF76DFB4FF680737B600223BB607C
:102F40000023FB6003233B610C237B613B1D19467F
:102F50001648FEF75DFB4CF233737B600223BB60C7
:102F60000023FB6003233B610C237B613B1D19465F
:102F70000F48FEF74DFB4FF480537B600223BB608C
:102F80000023FB6003233B610C237B613B1D19463F
:102F90000848FEF73DFB00E000BF1837BD4680BD86
:102FA00038010020003802400014024000100240A6
:102FB000000C02400018024080B582B000AF78607B
:102FC000FFF78AFF00BF0837BD4680BD80B400AF61
:102FD00000BFFDE780B400AF00BFFDE780B400AFE5
:102FE00000BFFDE780B400AF00BFFDE780B400AFD5
:102FF00000BFFDE780B400AF00BFBD465DF8047BB5
:10300000704780B400AF00BFBD465DF8047B7047D9
:1030100080B400AF00BFBD465DF8047B704780B54B
:1030200000AFFEF7FBFD00BF80BD000080B483B0A1
:1030300000AF00237B60104B5B6C0F4A43F480436E
:1030400053640D4B5B6C03F480437B607B6800230F
:103050003B60094B1B6C084A43F080531364064BDA
:103060001B6C03F080533B603B6800BF0C37BD46D0
:103070005DF8047B704700BF0038024080B586B021
:1030800000AF7860144A154BD31A7B617B693B61B2
:10309000134B1B68002B02D1114B124A1A60104BC4
:1030A0001A687B6813443A699A4207D204F00AFB13
:1030B00003460C221A604FF0FF3309E0084B1B68EF
:1030C000FB60074B1A687B681344054A1360FB6872
:1030D00018461837BD4680BD0000022000040000DD
:1030E0003C010020A002002080B586B000AFF8604F
:1030F000B9607A6000237B610AE0AFF3008001468B
:10310000BB685A1CBA60CAB21A707B6901337B6112
:103110007A697B689A42F0DB7B6818461837BD46AF
:1031200080BD80B586B000AFF860B9607A600023DA
:103130007B6109E0BB685A1CBA601B781846AFF384
:1031400000807B6901337B617A697B689A42F1DB9D
:103150007B6818461837BD4680BD80B483B000AF89
:1031600078604FF0FF3318460C37BD465DF8047B9E
:10317000704780B483B000AF786039603B684FF42B
:1031800000525A60002318460C37BD465DF8047B98
:10319000704780B483B000AF7860012318460C37C5
:1031A000BD465DF8047B704780B485B000AFF86021
:1031B000B9607A60002318461437BD465DF8047B79
:1031C00070470000DFF834D0FDF7F2FC0C480D49E1
:1031D0000D4A002302E0D458C4500433C4188C4272
:1031E000F9D30A4A0A4C002301E013600432A242D8
:1031F000FBD304F06DFAFFF785FC70470000022056
:10320000000000208C000020A09B00088C00002003
:10321000A0020020FEE7000080B487B000AF786015
:103220001A4B1B681A4AA2FB03239B0C3B61194BE8
:103230005B687B617B683A6902FB03F3FB60164BBA
:10324000DB6803F08073002B11D1134BDB68124A4B
:1032500043F08073D3600F4B00225A600D4B1B6804
:103260000C4A43F0010313600A4B5B687B6100BFAB
:10327000084B5A687B69D31AFA689A42F8D800BF9B
:1032800000BF1C37BD465DF8047B7047000000207E
:1032900083DE1B43001000E0F0ED00E080B586B057
:1032A00000AF3B1D00221A605A609A60DA601A6112
:1032B00000233B60114B1B6B104A43F00203136366
:1032C0000E4B1B6B03F002033B603B684FF4004363
:1032D0007B600123BB600023FB6000233B613B1D3F
:1032E00019460748FEF794F901224FF400410448BB
:1032F000FEF742FB00BF1837BD4680BD00380240D4
:103300000004024080B483B000AF0346FB80FB881A
:103310009BB2FB80044BFA8892B21A8000BF0C3734
:10332000BD465DF8047B70477E00006C80B483B0BE
:1033300000AF0346FB80FB889BB2FB80044BFA88FE
:1033400092B25A8000BF0C37BD465DF8047B7047CF
:103350007E00006C80B483B000AF064B5B889BB2EC
:10336000FB80FB889BB218460C37BD465DF8047B9A
:10337000704700BF7E00006C80B483B000AF03468E
:103380000A46FB801346BB80054AFB881380044A2B
:10339000BB88538000BF0C37BD465DF8047B704787
:1033A0007E00006C80B400AF044B054A12891A807D
:1033B00000BFBD465DF8047B704700BF7E00006C17
:1033C0004401002080B582B000AF03460A46FB806E
:1033D0001346BB80654B9B8841F66312934267D1CD
:1033E000624B9B79002B1ED1604B1A88FB88D31A45
:1033F0009BB2013BFB805D4B5B891846FFF782FF68
:103400000020FFF793FF0020FFF790FFFB881B0AC7
:103410009BB21846FFF78AFFFB88DBB29BB21846C7
:10342000FFF784FF21E0514B5B891846FFF76AFFE5
:10343000FB881B0A9BB21846FFF778FFFB88DBB2BC
:103440009BB21846FFF772FF484B1B88013B1B12CB
:103450009BB21846FFF76AFF444B1B88013B9BB2A7
:10346000DBB29BB21846FFF761FF404B9B891846C1
:10347000FFF748FFBB881B0A9BB21846FFF756FFB1
:10348000BB88DBB29BB21846FFF750FF374B5B8817
:10349000013B1B129BB21846FFF748FF334B5B887A
:1034A000013B9BB2DBB29BB21846FFF73FFF58E0EF
:1034B0002E4B9B8845F21052934230D12B4B5B89A7
:1034C0001846FFF71FFFFB881B0A9BB21846FFF741
:1034D0002DFF264B5B8901339BB21846FFF712FF85
:1034E000FB88DBB29BB21846FFF720FF1F4B9B897E
:1034F0001846FFF707FFBB881B0A9BB21846FFF769
:1035000015FF1A4B9B8901339BB21846FFF7FAFE51
:10351000BB88DBB29BB21846FFF708FF21E0134BD4
:103520005B891846FFF7EEFEFB881B0A9BB2184624
:10353000FFF7FCFEFB88DBB29BB21846FFF7F6FEF6
:103540000A4B9B891846FFF7DDFEBB881B0A9BB21E
:103550001846FFF7EBFEBB88DBB29BB21846FFF7BD
:10356000E5FE00BF0837BD4680BD00BF4401002016
:1035700080B584B000AF0346FB710023FB810023BC
:10358000BB81994B9B79012B05D1974B9B8841F6C9
:103590006312934209D1944B9B79002B34D1924B07
:1035A0009B8841F6631293422ED1FB79072B2BD8CF
:1035B00001A252F823F000BFD9350008DF3500081A
:1035C000E5350008EB350008F1350008F73500084F
:1035D000FD350008033600080623FB7114E00723BD
:1035E000FB7111E00423FB710EE00523FB710BE07E
:1035F0000123FB7108E00023FB7105E00323FB714D
:1036000002E00223FB7100BFFB79072B35D801A232
:1036100052F823F07B360008353600083F360008A4
:1036200049360008533600085D3600086736000842
:1036300071360008FB8943F08003FB811DE0FB89A4
:1036400043F04003FB8118E0FB8943F0C003FB819A
:1036500013E0FB8943F02003FB810EE0FB8943F07C
:103660006003FB8109E0FB8943F0A003FB8104E0D8
:10367000FB8943F0E003FB8100BF5B4B9B8845F275
:103680001052934203D14FF45853BB8101E03623CB
:10369000BB81554B9B8849F24132934205D0524B36
:1036A0009B8847F28972934203D1FB8943F0080358
:1036B000FB81FA89BB8911461846FFF75DFE4A4B2C
:1036C0009B8841F66312934225D0FB8903F02003C7
:1036D000002B10D0444B1A88434B5B889A421AD275
:1036E000414B1B887B81404B5A883F4B1A803E4A96
:1036F0007B8953800FE03C4B1A883B4B5B889A4296
:1037000009D9394B1B887B81374B5A88364B1A8035
:10371000354A7B895380344B9B8845F21052934243
:1037200064D1314B5B891846FFF7ECFD0020FFF7B1
:10373000FDFD2D4B5B8901339BB21846FFF7E2FD7F
:103740000020FFF7F3FD284B5B8902339BB218463C
:10375000FFF7D8FD244B1B88013B1B129BB2184678
:10376000FFF7E4FD204B5B8903339BB21846FFF75C
:10377000C9FD1D4B1B88013B9BB2DBB29BB21846B7
:10378000FFF7D4FD184B9B891846FFF7BBFD0020BF
:10379000FFF7CCFD144B9B8901339BB21846FFF712
:1037A000B1FD0020FFF7C2FD0F4B9B8902339BB296
:1037B0001846FFF7A7FD0C4B5B88013B1B129BB221
:1037C0001846FFF7B3FD084B9B8903339BB218469D
:1037D000FFF798FD044B5B88013B9BB2DBB29BB2C9
:1037E0001846FFF7A3FD39E0440100201D4B5B891B
:1037F0001846FFF787FD0020FFF798FD0020FFF730
:1038000095FD184B1B88013B1B129BB21846FFF716
:103810008DFD144B1B88013B9BB2DBB29BB218465B
:10382000FFF784FD0F4B9B891846FFF76BFD0020C7
:10383000FFF77CFD0020FFF779FD0A4B5B88013B19
:103840001B129BB21846FFF771FD064B5B88013BCC
:103850009BB2DBB29BB21846FFF768FD00BF103782
:10386000BD4680BD4401002080B582B000AF034654
:103870000A46FB801346BB80BA88FB88114618466F
:10388000FFF7A0FDFFF78EFD034B044A12885A8014
:1038900000BF0837BD4680BD7E00006C400100209F
:1038A00080B582B000AF0346FB800B46BB80134659
:1038B0007B80584B9B8845F21052934230D1554B38
:1038C0005B891846FFF71EFDFB881B0A9BB2184652
:1038D000FFF72CFD4F4B5B8901339BB21846FFF776
:1038E00011FDFB88DBB29BB21846FFF71FFD494B69
:1038F0009B891846FFF706FDBB881B0A9BB218463A
:10390000FFF714FD434B9B8901339BB21846FFF729
:10391000F9FCBB88DBB29BB21846FFF707FD6DE0F0
:103920003C4B9B8841F66312934245D1394B9B79BE
:10393000002B06D1374B1A88FB88D31A9BB2013B68
:10394000FB80344B5B891846FFF7DCFCFB881B0AC5
:103950009BB21846FFF7EAFCFB88DBB29BB2184625
:10396000FFF7E4FCFB881B0A9BB21846FFF7DEFC5E
:10397000FB88DBB29BB21846FFF7D8FC254B9B892E
:103980001846FFF7BFFCBB881B0A9BB21846FFF71F
:10399000CDFCBB88DBB29BB21846FFF7C7FCBB88E7
:1039A0001B0A9BB21846FFF7C1FCBB88DBB29BB277
:1039B0001846FFF7BBFC21E0164B5B891846FFF762
:1039C000A1FCFB881B0A9BB21846FFF7AFFCFB88E3
:1039D000DBB29BB21846FFF7A9FC0E4B9B89184639
:1039E000FFF790FCBB881B0A9BB21846FFF79EFCB2
:1039F000BB88DBB29BB21846FFF798FC064B054A22
:103A000012891A80044A7B88538000BF0837BD465C
:103A100080BD00BF440100207E00006C000000005B
:103A200080B582B000AF0346FB71BE20FFF76AFC91
:103A30000520FFF77BFCFB791846FCF745FE10A339
:103A4000D3E90023FCF7C4FB02460B461046194697
:103A5000FCF7A4FE03469BB21846FFF767FC012063
:103A6000FFF764FCFF20FFF761FC0020FFF75EFC1E
:103A70000020FFF75BFC00BF0837BD4680BD00BFDC
:103A8000666666666666044080B582B000AF03462F
:103A9000FB71584AFB799371FB79002B51D1554B3F
:103AA000F0221A80534B4FF4A0725A80514B9B88DE
:103AB00045F21052934214D14E4B4FF430521A81BA
:103AC0004C4B4FF428525A814A4B4FF42C529A8156
:103AD000484B4FF4F0721A80464B4FF448725A80AC
:103AE00020E0444B9B8841F66312934211D1414B35
:103AF0002C221A813F4B2B225A813E4B2A229A813B
:103B00003C4B4FF4F0721A803A4B4FF448725A8093
:103B100008E0384B2C221A81364B2A225A81354B29
:103B20002B229A81334B9B8845F21032934259D114
:103B3000304B4FF4A0721A802E4B4FF4F0725A8023
:103B400050E02C4B4FF4A0721A802A4BF0225A807E
:103B5000284B9B8845F21052934214D1254B4FF4C9
:103B600030521A81234B4FF428525A81214B4FF483
:103B70002C529A811F4B4FF448721A801D4B4FF400
:103B8000F0725A8020E01B4B9B8841F663129342EF
:103B900011D1184B2C221A81164B2A225A81154B0F
:103BA0002B229A81134B4FF448721A80114B4FF419
:103BB000F0725A8008E00F4B2C221A810D4B2A22FA
:103BC0005A810C4B2B229A810A4B9B8845F210326A
:103BD000934207D1074B4FF4F0721A80054B4FF414
:103BE000A0725A800020FFF7C3FC00BF0837BD4613
:103BF00080BD00BF4401002080B500AF3220FEF739
:103C00002DF8D320FFF77EFBFFF7A4FB03461A46EF
:103C10009A4B9A80FFF79EFB03461A46974B9A8071
:103C2000FFF798FB03461A46944B9A80934B9B8868
:103C30001B029AB2914B9A80FFF78CFB03461A46FF
:103C40008E4B9B8813439AB28C4B9A808B4B9B88EC
:103C500049F24132934200F0D3800420FFF752FB37
:103C6000FFF778FB03461A46844B9A80FFF772FBF6
:103C700003461A46814B9A80FFF76CFB03461A46AF
:103C80007E4B9A807D4B9B881B029AB27B4B9A801D
:103C9000FFF760FB03461A46784B9B8813439AB2A2
:103CA000764B9A80754B9B8848F25252934203D1CF
:103CB000724B47F289729A80704B9B8847F28972E7
:103CC000934200F09D80D420FFF71CFBFFF742FBDE
:103CD00003461A46694B9A80FFF73CFB03461A4697
:103CE000664B9A80FFF736FB03461A46634B9A8071
:103CF000624B9B881B029AB2604B9A80FFF72AFBAB
:103D000003461A465D4B9B8813439AB25B4B9A80DD
:103D10005A4B9B8845F21032934271D055214FF493
:103D20007040FFF729FBAA214FF20100FFF724FBA7
:103D300052214FF20200FFF71FFB08214FF2030050
:103D4000FFF71AFB01214FF20400FFF715FB4FF4B8
:103D50004540FFF7D7FAFFF7FDFA03461A46474BEF
:103D60009A80464B9B881B029AB2444B9A804CF235
:103D70000150FFF7C7FAFFF7EDFA03461A463F4B2B
:103D80009B8813439AB23D4B9A800520FDF766FF4E
:103D90003A4B9B88B3F5004F03D1384B45F2105294
:103DA0009A80364B9B8845F21052934228D0A1202E
:103DB000FFF7A8FAFFF7CEFA03461A462F4B9A8070
:103DC000FFF7C8FA03461A462C4B9A802B4B9B8868
:103DD0001B029AB2294B9A80FFF7BCFA03461A4697
:103DE000264B9B8813439AB2244B9A80234B9B8883
:103DF00045F26172934203D1204B41F663129A80DF
:103E00001E4B9B8849F24132934217D01B4B9B8833
:103E100047F28972934211D0184B9B8845F21032B9
:103E200093420BD0154B9B8845F21052934205D01C
:103E3000124B9B8841F66312934229D1104B9B6928
:103E40000F4A23F00F0393610D4B9B690C4A23F437
:103E5000706393610A4B9B69094A43F003039361C2
:103E6000064B9B8847F2897293420BD1044B9B69A6
:103E7000034A43F4407393610AE000BF4401002009
:103E8000040100A0944B9B69934A43F4007393612F
:103E9000924B9B881946924803F070FB8F4B9B888E
:103EA00049F24132934240F01D81CF20FFF72AFAB8
:103EB0000020FFF73BFAC120FFF738FA3020FFF768
:103EC00035FAED20FFF71EFA6420FFF72FFA0320E2
:103ED000FFF72CFA1220FFF729FA8120FFF726FAC4
:103EE000E820FFF70FFA8520FFF720FA1020FFF7F0
:103EF0001DFA7A20FFF71AFACB20FFF703FA3920D0
:103F0000FFF714FA2C20FFF711FA0020FFF70EFA42
:103F10003420FFF70BFA0220FFF708FAF720FFF72B
:103F2000F1F92020FFF702FAEA20FFF7EBF9002071
:103F3000FFF7FCF90020FFF7F9F9C020FFF7E2F9DD
:103F40001B20FFF7F3F9C120FFF7DCF90120FFF791
:103F5000EDF9C520FFF7D6F93020FFF7E7F930205B
:103F6000FFF7E4F9C720FFF7CDF9B720FFF7DEF937
:103F70003620FFF7C7F94820FFF7D8F93A20FFF7B6
:103F8000C1F95520FFF7D2F9B120FFF7BBF90020A6
:103F9000FFF7CCF91A20FFF7C9F9B620FFF7B2F9FD
:103FA0000A20FFF7C3F9A220FFF7C0F9F220FFF7BC
:103FB000A9F90020FFF7BAF92620FFF7A3F901209D
:103FC000FFF7B4F9E020FFF79DF90F20FFF7AEF9F6
:103FD0002A20FFF7ABF92820FFF7A8F90820FFF700
:103FE000A5F90E20FFF7A2F90820FFF79FF954204A
:103FF000FFF79CF9A920FFF799F94320FFF796F9FD
:104000000A20FFF793F90F20FFF790F90020FFF740
:104010008DF90020FFF78AF90020FFF787F90020CB
:10402000FFF784F9E120FFF76DF90020FFF77EF933
:104030001520FFF77BF91720FFF778F90720FFF726
:1040400075F91120FFF772F90620FFF76FF92B20A1
:10405000FFF76CF95620FFF769F93C20FFF766F986
:104060000520FFF763F91020FFF760F90F20FFF735
:104070005DF93F20FFF75AF93F20FFF757F90F206E
:10408000FFF754F92B20FFF73DF90020FFF74EF919
:104090000020FFF74BF90120FFF748F93F20FFF719
:1040A00045F92A20FFF72EF90020FFF73FF90020FD
:1040B000FFF73CF90020FFF739F9EF20FFF736F959
:1040C0001120FFF71FF97820FDF7C8FD2920FFF721
:1040D00019F902F0AEB800BF040100A044010020AD
:1040E000608300086D4B9B8847F28972934240F0D1
:1040F000D7801120FFF706F97820FDF7AFFD3620B5
:10410000FFF700F90020FFF711F93A20FFF7FAF85E
:104110000520FFF70BF9B220FFF7F4F80C20FFF7AA
:1041200005F90C20FFF702F90020FFF7FFF8332014
:10413000FFF7FCF83320FFF7F9F8B720FFF7E2F8B4
:104140003520FFF7F3F8BB20FFF7DCF83220FFF74C
:10415000EDF8C020FFF7D6F80C20FFF7E7F8C220F3
:10416000FFF7D0F80120FFF7E1F8C320FFF7CAF806
:104170001020FFF7DBF8C420FFF7C4F82020FFF77A
:10418000D5F8C620FFF7BEF80F20FFF7CFF8D020F4
:10419000FFF7B8F8A420FFF7C9F8A120FFF7C6F889
:1041A000E020FFF7AFF8D020FFF7C0F80020FFF7BE
:1041B000BDF80220FFF7BAF80720FFF7B7F80A208A
:1041C000FFF7B4F82820FFF7B1F83220FFF7AEF878
:1041D0004420FFF7ABF84220FFF7A8F80620FFF7CE
:1041E000A5F80E20FFF7A2F81220FFF79FF8142081
:1041F000FFF79CF81720FFF799F8E120FFF782F806
:10420000D020FFF793F80020FFF790F80220FFF787
:104210008DF80720FFF78AF80A20FFF787F8282093
:10422000FFF784F83120FFF781F85420FFF77EF87C
:104230004720FFF77BF80E20FFF778F81C20FFF7E8
:1042400075F81720FFF772F81B20FFF76FF81E2094
:10425000FFF76CF82A20FFF755F80020FFF766F803
:104260000020FFF763F80020FFF760F8EF20FFF76A
:104270005DF82B20FFF746F80020FFF757F80020E5
:10428000FFF754F80120FFF751F83F20FFF74EF8F1
:104290002920FFF737F801F0CCBF00BF4401002010
:1042A000034B9B8845F21032934240F07C8701E03B
:1042B00044010020ED20FFF725F80120FFF736F834
:1042C000FE20FFF733F8EE20FFF71CF8DE20FFF7A3
:1042D0002DF82120FFF72AF8F120FFF713F801202D
:1042E000FFF724F8DF20FFF70DF81020FFF71EF886
:1042F000C420FFF707F88F20FFF718F8C620FFF754
:1043000001F80020FFF712F8E220FFF70FF8E22093
:10431000FFF70CF8E220FFF709F8BF20FEF7F2FFE5
:10432000AA20FFF703F8B020FEF7ECFF0D20FEF700
:10433000FDFF0020FEF7FAFF0D20FEF7F7FF00203B
:10434000FEF7F4FF1120FEF7F1FF0020FEF7EEFF6D
:104350001920FEF7EBFF0020FEF7E8FF2120FEF713
:10436000E5FF0020FEF7E2FF2D20FEF7DFFF002033
:10437000FEF7DCFF3D20FEF7D9FF0020FEF7D6FF59
:104380005D20FEF7D3FF0020FEF7D0FF5D20FEF793
:10439000CDFF0020FEF7CAFFB120FEF7B3FF80205B
:1043A000FEF7C4FF0020FEF7C1FF8B20FEF7BEFF23
:1043B0000020FEF7BBFF9620FEF7B8FF0020FEF7B7
:1043C000B5FFB220FEF79EFF0020FEF7AFFF0020F2
:1043D000FEF7ACFF0220FEF7A9FF0020FEF7A6FFC4
:1043E0000320FEF7A3FF0020FEF7A0FFB320FEF797
:1043F00089FF0020FEF79AFF0020FEF797FF0020BC
:10440000FEF794FF0020FEF791FF0020FEF78EFFDD
:104410000020FEF78BFF0020FEF788FF0020FEF74C
:1044200085FF0020FEF782FF0020FEF77FFF0020BF
:10443000FEF77CFF0020FEF779FF0020FEF776FFF5
:104440000020FEF773FF0020FEF770FF0020FEF74C
:104450006DFF0020FEF76AFF0020FEF767FF0020D7
:10446000FEF764FF0020FEF761FF0020FEF75EFF0D
:104470000020FEF75BFF0020FEF758FF0020FEF74C
:1044800055FFB420FEF73EFF8B20FEF74FFF0020C4
:10449000FEF74CFF9620FEF749FF0020FEF746FF8F
:1044A000A120FEF743FF0020FEF740FFB520FEF7F6
:1044B00029FF0220FEF73AFF0020FEF737FF032016
:1044C000FEF734FF0020FEF731FF0420FEF72EFF39
:1044D0000020FEF72BFFB620FEF714FF0020FEF7AA
:1044E00025FF0020FEF722FFB720FEF70BFF00207C
:1044F000FEF71CFF0020FEF719FF3F20FEF716FF16
:104500000020FEF713FF5E20FEF710FF0020FEF7ED
:104510000DFF6420FEF70AFF0020FEF707FF8C2046
:10452000FEF704FF0020FEF701FFAC20FEF7FEFEC1
:104530000020FEF7FBFEDC20FEF7F8FE0020FEF771
:10454000F5FE7020FEF7F2FE0020FEF7EFFE902051
:10455000FEF7ECFE0020FEF7E9FEEB20FEF7E6FE9C
:104560000020FEF7E3FEDC20FEF7E0FE0020FEF771
:10457000DDFEB820FEF7C6FE0020FEF7D7FE0020C5
:10458000FEF7D4FE0020FEF7D1FE0020FEF7CEFE9F
:104590000020FEF7CBFE0020FEF7C8FE0020FEF74D
:1045A000C5FE0020FEF7C2FEBA20FEF7ABFE2420B7
:1045B000FEF7BCFE0020FEF7B9FE0020FEF7B6FEB7
:1045C0000020FEF7B3FEC120FEF79CFE2020FEF780
:1045D000ADFE0020FEF7AAFE5420FEF7A7FE002045
:1045E000FEF7A4FEFF20FEF7A1FE0020FEF79EFED0
:1045F000C220FEF787FE0A20FEF798FE0020FEF795
:1046000095FE0420FEF792FE0020FEF78FFEC320E9
:10461000FEF778FE3C20FEF789FE0020FEF786FEBE
:104620003A20FEF783FE0020FEF780FE3920FEF7D9
:104630007DFE0020FEF77AFE3720FEF777FE002091
:10464000FEF774FE3C20FEF771FE0020FEF76EFEC2
:104650003620FEF76BFE0020FEF768FE3220FEF7E4
:1046600065FE0020FEF762FE2F20FEF75FFE0020B1
:10467000FEF75CFE2C20FEF759FE0020FEF756FEEA
:104680002920FEF753FE0020FEF750FE2620FEF7FD
:104690004DFE0020FEF74AFE2420FEF747FE0020D4
:1046A000FEF744FE2420FEF741FE0020FEF73EFE0A
:1046B0002320FEF73BFE0020FEF738FE3C20FEF7ED
:1046C00035FE0020FEF732FE3620FEF72FFE0020DA
:1046D000FEF72CFE3220FEF729FE0020FEF726FE14
:1046E0002F20FEF723FE0020FEF720FE2C20FEF7F1
:1046F0001DFE0020FEF71AFE2920FEF717FE0020FF
:10470000FEF714FE2620FEF711FE0020FEF70EFE37
:104710002420FEF70BFE0020FEF708FE2420FEF703
:1047200005FE0020FEF702FE2320FEF7FFFD00201D
:10473000FEF7FCFDC420FEF7E5FD6220FEF7F6FD66
:104740000020FEF7F3FD0520FEF7F0FD0020FEF748
:10475000EDFD8420FEF7EAFD0020FEF7E7FDF020E6
:10476000FEF7E4FD0020FEF7E1FD1820FEF7DEFD78
:104770000020FEF7DBFDA420FEF7D8FD0020FEF7A9
:10478000D5FD1820FEF7D2FD0020FEF7CFFD50200A
:10479000FEF7CCFD0020FEF7C9FD0C20FEF7C6FD9C
:1047A0000020FEF7C3FD1720FEF7C0FD0020FEF736
:1047B000BDFD9520FEF7BAFD0020FEF7B7FDF32002
:1047C000FEF7B4FD0020FEF7B1FDE620FEF7AEFDDA
:1047D0000020FEF7ABFDC520FEF794FD3220FEF76A
:1047E000A5FD0020FEF7A2FD4420FEF79FFD00205E
:1047F000FEF79CFD6520FEF799FD0020FEF796FD73
:104800007620FEF793FD0020FEF790FD8820FEF74E
:104810008DFD0020FEF78AFDC620FEF773FD2020E7
:10482000FEF784FD0020FEF781FD1720FEF77EFDD8
:104830000020FEF77BFD0120FEF778FD0020FEF74B
:1048400075FDC720FEF75EFD0020FEF76FFD00201E
:10485000FEF76CFD0020FEF769FD0020FEF766FD07
:10486000C820FEF74FFD0020FEF760FD0020FEF798
:104870005DFD0020FEF75AFD0020FEF757FDC92020
:10488000FEF740FD0020FEF751FD0020FEF74EFD33
:104890000020FEF74BFD0020FEF748FD0020FEF74C
:1048A00045FD0020FEF742FD0020FEF73FFD002001
:1048B000FEF73CFD0020FEF739FD0020FEF736FD37
:1048C0000020FEF733FD0020FEF730FD0020FEF74C
:1048D0002DFD0020FEF72AFD0020FEF727FD002019
:1048E000FEF724FDE020FEF70DFD1620FEF71EFD6D
:1048F0000020FEF71BFD1C20FEF718FD0020FEF730
:1049000015FD2120FEF712FD0020FEF70FFD3620D9
:10491000FEF70CFD0020FEF709FD4620FEF706FD20
:104920000020FEF703FD5220FEF700FD0020FEF7F9
:10493000FDFC6420FEF7FAFC0020FEF7F7FC7A206D
:10494000FEF7F4FC0020FEF7F1FC8B20FEF7EEFCF6
:104950000020FEF7EBFC9920FEF7E8FC0020FEF7B4
:10496000E5FCA820FEF7E2FC0020FEF7DFFCB92002
:10497000FEF7DCFC0020FEF7D9FCC420FEF7D6FCD5
:104980000020FEF7D3FCCA20FEF7D0FC0020FEF783
:10499000CDFCD220FEF7CAFC0020FEF7C7FCD920D0
:1049A000FEF7C4FC0020FEF7C1FCE020FEF7BEFCD1
:1049B0000020FEF7BBFCF320FEF7B8FC0020FEF75A
:1049C000B5FCE120FEF79EFC1620FEF7AFFC0020B0
:1049D000FEF7ACFC1C20FEF7A9FC0020FEF7A6FCAD
:1049E0002220FEF7A3FC0020FEF7A0FC3620FEF7F5
:1049F0009DFC0020FEF79AFC4520FEF797FC002066
:104A0000FEF794FC5220FEF791FC0020FEF78EFC8E
:104A10006420FEF78BFC0020FEF788FC7A20FEF76E
:104A200085FC0020FEF782FC8B20FEF77FFC002037
:104A3000FEF77CFC9920FEF779FC0020FEF776FC5F
:104A4000A820FEF773FC0020FEF770FCB920FEF7EB
:104A50006DFC0020FEF76AFCC420FEF767FC002016
:104A6000FEF764FCCA20FEF761FC0020FEF75EFC46
:104A7000D220FEF75BFC0020FEF758FCD820FEF7A2
:104A800055FC0020FEF752FCE020FEF74FFC002012
:104A9000FEF74CFCF320FEF749FC0020FEF746FC35
:104AA000E220FEF72FFC0520FEF740FC0020FEF779
:104AB0003DFC0B20FEF73AFC0020FEF737FC1B20E4
:104AC000FEF734FC0020FEF731FC3420FEF72EFC0C
:104AD0000020FEF72BFC4420FEF728FC0020FEF708
:104AE00025FC4F20FEF722FC0020FEF71FFC612072
:104AF000FEF71CFC0020FEF719FC7920FEF716FCDF
:104B00000020FEF713FC8820FEF710FC0020FEF7C3
:104B10000DFC9720FEF70AFC0020FEF707FCA620FC
:104B2000FEF704FC0020FEF701FCB720FEF7FEFBB9
:104B30000020FEF7FBFBC220FEF7F8FB0020FEF78B
:104B4000F5FBC720FEF7F2FB0020FEF7EFFBD120BC
:104B5000FEF7ECFB0020FEF7E9FBD620FEF7E6FBB4
:104B60000020FEF7E3FBDD20FEF7E0FB0020FEF770
:104B7000DDFBF320FEF7DAFB0020FEF7D7FBE32096
:104B8000FEF7C0FB0520FEF7D1FB0020FEF7CEFBB1
:104B90000A20FEF7CBFB0020FEF7C8FB1C20FEF727
:104BA000C5FB0020FEF7C2FB3320FEF7BFFB002051
:104BB000FEF7BCFB4420FEF7B9FB0020FEF7B6FB76
:104BC0005020FEF7B3FB0020FEF7B0FB6220FEF79B
:104BD000ADFB0020FEF7AAFB7820FEF7A7FB002024
:104BE000FEF7A4FB8820FEF7A1FB0020FEF79EFB4A
:104BF0009720FEF79BFB0020FEF798FBA620FEF710
:104C000095FB0020FEF792FBB720FEF78FFB0020FC
:104C1000FEF78CFBC220FEF789FB0020FEF786FB27
:104C2000C720FEF783FB0020FEF780FBD120FEF7B4
:104C30007DFB0020FEF77AFBD520FEF777FB0020F6
:104C4000FEF774FBDD20FEF771FB0020FEF76EFB24
:104C5000F320FEF76BFB0020FEF768FBE420FEF775
:104C600051FB0120FEF762FB0020FEF75FFB0120F5
:104C7000FEF75CFB0020FEF759FB0220FEF756FB17
:104C80000020FEF753FB2A20FEF750FB0020FEF722
:104C90004DFB3C20FEF74AFB0020FEF747FB4B2074
:104CA000FEF744FB0020FEF741FB5D20FEF73EFBD4
:104CB0000020FEF73BFB7420FEF738FB0020FEF7D8
:104CC00035FB8420FEF732FB0020FEF72FFB9320FC
:104CD000FEF72CFB0020FEF729FBA220FEF726FBA7
:104CE0000020FEF723FBB320FEF720FB0020FEF799
:104CF0001DFBBE20FEF71AFB0020FEF717FBC420A9
:104D0000FEF714FB0020FEF711FBCD20FEF70EFB93
:104D10000020FEF70BFBD320FEF708FB0020FEF778
:104D200005FBDD20FEF702FB0020FEF7FFFAF32073
:104D3000FEF7FCFA0020FEF7F9FAE520FEF7E2FAAA
:104D40000020FEF7F3FA0020FEF7F0FA0020FEF74D
:104D5000EDFA0020FEF7EAFA0220FEF7E7FA00205B
:104D6000FEF7E4FA2920FEF7E1FA0020FEF7DEFA6A
:104D70003C20FEF7DBFA0020FEF7D8FA4B20FEF7C6
:104D8000D5FA0020FEF7D2FA5D20FEF7CFFA002018
:104D9000FEF7CCFA7420FEF7C9FA0020FEF7C6FA37
:104DA0008420FEF7C3FA0020FEF7C0FA9320FEF736
:104DB000BDFA0020FEF7BAFAA220FEF7B7FA0020EB
:104DC000FEF7B4FAB320FEF7B1FA0020FEF7AEFA10
:104DD000BE20FEF7ABFA0020FEF7A8FAC420FEF7CB
:104DE000A5FA0020FEF7A2FACD20FEF79FFA0020D8
:104DF000FEF79CFAD320FEF799FA0020FEF796FA08
:104E0000DC20FEF793FA0020FEF790FAF320FEF77D
:104E10008DFA0020FEF78AFAE620FEF773FA1120D9
:104E2000FEF784FA0020FEF781FA3420FEF77EFABE
:104E30000020FEF77BFA5620FEF778FA0020FEF7F6
:104E400075FA7620FEF772FA0020FEF76FFA7720E7
:104E5000FEF76CFA0020FEF769FA6620FEF766FAA4
:104E60000020FEF763FA8820FEF760FA0020FEF7C4
:104E70005DFA9920FEF75AFA0020FEF757FABB2098
:104E8000FEF754FA0020FEF751FA9920FEF74EFA89
:104E90000020FEF74BFA6620FEF748FA0020FEF7E6
:104EA00045FA5520FEF742FA0020FEF73FFA55205A
:104EB000FEF73CFA0020FEF739FA4520FEF736FAF5
:104EC0000020FEF733FA4320FEF730FA0020FEF709
:104ED0002DFA4420FEF72AFA0020FEF727FAE720F1
:104EE000FEF710FA3220FEF721FA0020FEF71EFA34
:104EF0005520FEF71BFA0020FEF718FA7620FEF781
:104F000015FA0020FEF712FA6620FEF70FFA0020CD
:104F1000FEF70CFA6720FEF709FA0020FEF706FA02
:104F20006720FEF703FA0020FEF700FA8720FEF75D
:104F3000FDF90020FEF7FAF99920FEF7F7F90020B5
:104F4000FEF7F4F9BB20FEF7F1F90020FEF7EEF9C9
:104F50009920FEF7EBF90020FEF7E8F97720FEF73D
:104F6000E5F90020FEF7E2F94420FEF7DFF9002022
:104F7000FEF7DCF95620FEF7D9F90020FEF7D6F946
:104F80002320FEF7D3F90020FEF7D0F93320FEF7F7
:104F9000CDF90020FEF7CAF94520FEF7C7F9002039
:104FA000FEF7C4F9E820FEF7ADF90020FEF7BEF9E0
:104FB0000020FEF7BBF99920FEF7B8F90020FEF7B4
:104FC000B5F98720FEF7B2F90020FEF7AFF9882087
:104FD000FEF7ACF90020FEF7A9F97720FEF7A6F955
:104FE0000020FEF7A3F96620FEF7A0F90020FEF7E7
:104FF0009DF98820FEF79AF90020FEF797F9AA207C
:10500000FEF794F90020FEF791F9BB20FEF78EF928
:105010000020FEF78BF99920FEF788F90020FEF7B3
:1050200085F96620FEF782F90020FEF77FF955200A
:10503000FEF77CF90020FEF779F95520FEF776F9A6
:105040000020FEF773F94420FEF770F90020FEF708
:105050006DF94420FEF76AF90020FEF767F9552044
:10506000FEF764F90020FEF761F9E920FEF74AF93E
:10507000AA20FEF75BF90020FEF758F90020FEF7A2
:1050800055F90020FEF752F90020FEF73BF9AA205F
:10509000FEF74CF9CF20FEF735F90020FEF746F970
:1050A0000020FEF743F90020FEF740F90020FEF74C
:1050B0003DF90020FEF73AF90020FEF737F900200D
:1050C000FEF734F90020FEF731F90020FEF72EF943
:1050D0000020FEF72BF90020FEF728F90020FEF74C
:1050E00025F90020FEF722F90020FEF71FF9002025
:1050F000FEF71CF90020FEF719F90020FEF716F95B
:10510000F020FEF7FFF80020FEF710F95020FEF720
:105110000DF90020FEF70AF90020FEF707F900203C
:10512000FEF704F9F320FEF7EDF80020FEF7FEF895
:10513000F920FEF7E7F80620FEF7F8F81020FEF752
:10514000F5F82920FEF7F2F80020FEF7EFF83A20F4
:10515000FEF7D8F85520FEF7E9F81120FEF7D2F84F
:105160006420FCF77BFD2920FEF7CCF83520FEF704
:10517000C9F80020FEF7DAF85120FEF7C3F8FF2047
:10518000FEF7D4F85320FEF7BDF82C20FEF7CEF83A
:105190005520FEF7B7F88220FEF7C8F82C20FEF75E
:1051A000B1F801F046B8044B9B8845F21052934287
:1051B00040F0818702E000BF4401002055214FF4F8
:1051C0007040FEF7D9F8AA214FF20100FEF7D4F89B
:1051D00052214FF20200FEF7CFF808214FF20300F0
:1051E000FEF7CAF801214FF20400FEF7C5F80D21C1
:1051F0004FF43040FEF7C0F80D214BF20100FEF7EE
:10520000BBF80D214BF20200FEF7B6F834214FF443
:105210003640FEF7B1F834214BF20160FEF7ACF8EE
:1052200034214BF20260FEF7A7F80D214FF4314014
:10523000FEF7A2F80D214BF20110FEF79DF80D21AB
:105240004BF20210FEF798F834214FF43740FEF786
:1052500093F834214BF20170FEF78EF834214BF2B3
:105260000270FEF789F800214FF43240FEF784F80F
:1052700000214BF20120FEF77FF800214BF20220C3
:10528000FEF77AF824214FF43840FEF775F8242110
:105290004BF60100FEF770F824214BF60200FEF7F2
:1052A0006BF801214FF43F40FEF766F80F214FF4F1
:1052B0003340FEF761F80F214BF20130FEF75CF846
:1052C0000F214BF20230FEF757F834214FF43940EA
:1052D000FEF752F834214BF60110FEF74DF8342159
:1052E0004BF60210FEF748F808214FF43540FEF760
:1052F00043F808214BF20150FEF73EF808214BF22B
:105300000250FEF739F803214FF44240FEF734F81B
:1053100024214FF43A40FEF72FF824214BF60120C8
:10532000FEF72AF824214BF60220FEF725F800218B
:105330004FF43C40FEF720F878214BF60140FEF791
:105340001BF800214BF60240FEF716F800214FF43F
:105350003D40FEF711F878214BF60150FEF70CF8AE
:1053600000214BF60250FEF707F800214FF43E40B3
:10537000FEF702F864214BF60160FDF7FDFF002106
:105380004FF45140FDF7F8FF33214DF20110FDF7C6
:10539000F3FF00214DF20210FDF7EEFF34214DF234
:1053A0000310FDF7E9FF00214DF20410FDF7E4FFC3
:1053B0003A214DF20510FDF7DFFF00214DF20610F6
:1053C000FDF7DAFF4A214DF20710FDF7D5FF002166
:1053D0004DF20810FDF7D0FF5C214DF20910FDF7EA
:1053E000CBFF00214DF20A10FDF7C6FF81214DF2DF
:1053F0000B10FDF7C1FF00214DF20C10FDF7BCFFB3
:10540000A6214DF20D10FDF7B7FF00214DF20E1051
:10541000FDF7B2FFE5214DF20F10FDF7ADFF0121C1
:105420004DF21010FDF7A8FF13214DF21110FDF7FA
:10543000A3FF01214DF21210FDF79EFF54214DF202
:105440001310FDF799FF01214DF21410FDF794FFA1
:1054500082214DF21510FDF78FFF01214DF216103C
:10546000FDF78AFFCA214DF21710FDF785FF0221D3
:105470004DF21810FDF780FF00214DF21910FDF7D5
:105480007BFF02214DF21A10FDF776FF01214DF24C
:105490001B10FDF771FF02214DF21C10FDF76CFF90
:1054A00034214DF21D10FDF767FF02214DF21E1051
:1054B000FDF762FF67214DF21F10FDF75DFF02212E
:1054C0004DF22010FDF758FF84214DF22110FDF719
:1054D00053FF02214DF22210FDF74EFFA4214DF2A1
:1054E0002310FDF749FF02214DF22410FDF744FF80
:1054F000B7214DF22510FDF73FFF02214DF2261096
:10550000FDF73AFFCF214DF22710FDF735FF0221BD
:105510004DF22810FDF730FFDE214DF22910FDF786
:105520002BFF02214DF22A10FDF726FFF2214DF24A
:105530002B10FDF721FF02214DF22C10FDF71CFF6F
:10554000FE214DF22D10FDF717FF03214DF22E1015
:10555000FDF712FF10214DF22F10FDF70DFF032173
:105560004DF23010FDF708FF33214DF23110FDF7F9
:1055700003FF03214DF23210FDF7FEFE6D214DF2C7
:105580003310FDF7F9FE00214FF45240FDF7F4FE11
:1055900033214DF20120FDF7EFFE00214DF20220F4
:1055A000FDF7EAFE34214DF20320FDF7E5FE002170
:1055B0004DF20420FDF7E0FE3A214DF20520FDF703
:1055C000DBFE00214DF20620FDF7D6FE4A214DF20A
:1055D0000720FDF7D1FE00214DF20820FDF7CCFE9B
:1055E0005C214DF20920FDF7C7FE00214DF20A2093
:1055F000FDF7C2FE81214DF20B20FDF7BDFE00211B
:105600004DF20C20FDF7B8FEA6214DF20D20FDF75E
:10561000B3FE00214DF20E20FDF7AEFEE5214DF266
:105620000F20FDF7A9FE01214DF21020FDF7A4FE89
:1056300013214DF21120FDF79FFE01214DF21220A2
:10564000FDF79AFE54214DF21320FDF795FE01213E
:105650004DF21420FDF790FE82214DF21520FDF74A
:105660008BFE01214DF21620FDF786FECA214DF278
:105670001720FDF781FE02214DF21820FDF77CFE78
:1056800000214DF21920FDF777FE02214DF21A207C
:10569000FDF772FE01214DF21B20FDF76DFE022188
:1056A0004DF21C20FDF768FE34214DF21D20FDF760
:1056B00063FE02214DF21E20FDF75EFE67214DF2D2
:1056C0001F20FDF759FE02214DF22020FDF754FE68
:1056D00084214DF22120FDF74FFE02214DF22220C0
:1056E000FDF74AFEA4214DF22320FDF745FE0221DD
:1056F0004DF22420FDF740FEB7214DF22520FDF7A5
:105700003BFE02214DF22620FDF736FECF214DF261
:105710002720FDF731FE02214DF22820FDF72CFE57
:10572000DE214DF22920FDF727FE02214DF22A202D
:10573000FDF722FEF2214DF22B20FDF71DFE022186
:105740004DF22C20FDF718FEFE214DF22D20FDF725
:1057500013FE03214DF22E20FDF70EFE10214DF217
:105760002F20FDF709FE03214DF23020FDF704FE46
:1057700033214DF23120FDF7FFFD03214DF23220A0
:10578000FDF7FAFD6D214DF23320FDF7F5FD002107
:105790004FF45340FDF7F0FD33214DF20130FDF79A
:1057A000EBFD00214DF20230FDF7E6FD34214DF214
:1057B0000330FDF7E1FD00214DF20430FDF7DCFD83
:1057C0003A214DF20530FDF7D7FD00214DF20630AC
:1057D000FDF7D2FD4A214DF20730FDF7CDFD002146
:1057E0004DF20830FDF7C8FD5C214DF20930FDF7A0
:1057F000C3FD00214DF20A30FDF7BEFD81214DF2BF
:105800000B30FDF7B9FD00214DF20C30FDF7B4FD72
:10581000A6214DF20D30FDF7AFFD00214DF20E3007
:10582000FDF7AAFDE5214DF20F30FDF7A5FD0121A1
:105830004DF21030FDF7A0FD13214DF21130FDF7B0
:105840009BFD01214DF21230FDF796FD54214DF2E2
:105850001330FDF791FD01214DF21430FDF78CFD61
:1058600082214DF21530FDF787FD01214DF21630F2
:10587000FDF782FDCA214DF21730FDF77DFD0221B3
:105880004DF21830FDF778FD00214DF21930FDF78B
:1058900073FD02214DF21A30FDF76EFD01214DF22C
:1058A0001B30FDF769FD02214DF21C30FDF764FD50
:1058B00034214DF21D30FDF75FFD02214DF21E3007
:1058C000FDF75AFD67214DF21F30FDF755FD02210E
:1058D0004DF22030FDF750FD84214DF22130FDF7CF
:1058E0004BFD02214DF22230FDF746FDA4214DF281
:1058F0002330FDF741FD02214DF22430FDF73CFD40
:10590000B7214DF22530FDF737FD02214DF226304B
:10591000FDF732FDCF214DF22730FDF72DFD02219D
:105920004DF22830FDF728FDDE214DF22930FDF73C
:1059300023FD02214DF22A30FDF71EFDF2214DF22A
:105940002B30FDF719FD02214DF22C30FDF714FD2F
:10595000FE214DF22D30FDF70FFD03214DF22E30CB
:10596000FDF70AFD10214DF22F30FDF705FD032153
:105970004DF23030FDF700FD33214DF23130FDF7AF
:10598000FBFC03214DF23230FDF7F6FC6D214DF2A8
:105990003330FDF7F1FC00214FF45440FDF7ECFCEF
:1059A00033214DF20140FDF7E7FC00214DF20240AA
:1059B000FDF7E2FC34214DF20340FDF7DDFC002150
:1059C0004DF20440FDF7D8FC3A214DF20540FDF7B9
:1059D000D3FC00214DF20640FDF7CEFC4A214DF2EA
:1059E0000740FDF7C9FC00214DF20840FDF7C4FC5B
:1059F0005C214DF20940FDF7BFFC00214DF20A4049
:105A0000FDF7BAFC81214DF20B40FDF7B5FC0021FA
:105A10004DF20C40FDF7B0FCA6214DF20D40FDF714
:105A2000ABFC00214DF20E40FDF7A6FCE5214DF246
:105A30000F40FDF7A1FC01214DF21040FDF79CFC49
:105A400013214DF21140FDF797FC01214DF2124058
:105A5000FDF792FC54214DF21340FDF78DFC01211E
:105A60004DF21440FDF788FC82214DF21540FDF700
:105A700083FC01214DF21640FDF77EFCCA214DF258
:105A80001740FDF779FC02214DF21840FDF774FC38
:105A900000214DF21940FDF76FFC02214DF21A4032
:105AA000FDF76AFC01214DF21B40FDF765FC022168
:105AB0004DF21C40FDF760FC34214DF21D40FDF716
:105AC0005BFC02214DF21E40FDF756FC67214DF2B2
:105AD0001F40FDF751FC02214DF22040FDF74CFC28
:105AE00084214DF22140FDF747FC02214DF2224076
:105AF000FDF742FCA4214DF22340FDF73DFC0221BD
:105B00004DF22440FDF738FCB7214DF22540FDF75A
:105B100033FC02214DF22640FDF72EFCCF214DF241
:105B20002740FDF729FC02214DF22840FDF724FC17
:105B3000DE214DF22940FDF71FFC02214DF22A40E3
:105B4000FDF71AFCF2214DF22B40FDF715FC022166
:105B50004DF22C40FDF710FCFE214DF22D40FDF7DB
:105B60000BFC03214DF22E40FDF706FC10214DF2F7
:105B70002F40FDF701FC03214DF23040FDF7FCFB07
:105B800033214DF23140FDF7F7FB03214DF2324056
:105B9000FDF7F2FB6D214DF23340FDF7EDFB0021E7
:105BA0004FF45540FDF7E8FB33214DF20150FDF76E
:105BB000E3FB00214DF20250FDF7DEFB34214DF2F4
:105BC0000350FDF7D9FB00214DF20450FDF7D4FB43
:105BD0003A214DF20550FDF7CFFB00214DF2065062
:105BE000FDF7CAFB4A214DF20750FDF7C5FB002126
:105BF0004DF20850FDF7C0FB5C214DF20950FDF756
:105C0000BBFB00214DF20A50FDF7B6FB81214DF29E
:105C10000B50FDF7B1FB00214DF20C50FDF7ACFB32
:105C2000A6214DF20D50FDF7A7FB00214DF20E50BD
:105C3000FDF7A2FBE5214DF20F50FDF79DFB012181
:105C40004DF21050FDF798FB13214DF21150FDF766
:105C500093FB01214DF21250FDF78EFB54214DF2C2
:105C60001350FDF789FB01214DF21450FDF784FB21
:105C700082214DF21550FDF77FFB01214DF21650A8
:105C8000FDF77AFBCA214DF21750FDF775FB022193
:105C90004DF21850FDF770FB00214DF21950FDF741
:105CA0006BFB02214DF21A50FDF766FB01214DF20C
:105CB0001B50FDF761FB02214DF21C50FDF75CFB10
:105CC00034214DF21D50FDF757FB02214DF21E50BD
:105CD000FDF752FB67214DF21F50FDF74DFB0221EE
:105CE0004DF22050FDF748FB84214DF22150FDF785
:105CF00043FB02214DF22250FDF73EFBA4214DF261
:105D00002350FDF739FB02214DF22450FDF734FBFF
:105D1000B7214DF22550FDF72FFB02214DF2265001
:105D2000FDF72AFBCF214DF22750FDF725FB02217D
:105D30004DF22850FDF720FBDE214DF22950FDF7F2
:105D40001BFB02214DF22A50FDF716FBF2214DF20A
:105D50002B50FDF711FB02214DF22C50FDF70CFBEF
:105D6000FE214DF22D50FDF707FB03214DF22E5081
:105D7000FDF702FB10214DF22F50FDF7FDFA032134
:105D80004DF23050FDF7F8FA33214DF23150FDF766
:105D9000F3FA03214DF23250FDF7EEFA6D214DF288
:105DA0003350FDF7E9FA00214FF45640FDF7E4FACD
:105DB00033214DF20160FDF7DFFA00214DF2026060
:105DC000FDF7DAFA34214DF20360FDF7D5FA002130
:105DD0004DF20460FDF7D0FA3A214DF20560FDF76F
:105DE000CBFA00214DF20660FDF7C6FA4A214DF2CA
:105DF0000760FDF7C1FA00214DF20860FDF7BCFA1B
:105E00005C214DF20960FDF7B7FA00214DF20A60FE
:105E1000FDF7B2FA81214DF20B60FDF7ADFA0021DA
:105E20004DF20C60FDF7A8FAA6214DF20D60FDF7CA
:105E3000A3FA00214DF20E60FDF79EFAE5214DF226
:105E40000F60FDF799FA01214DF21060FDF794FA09
:105E500013214DF21160FDF78FFA01214DF212600E
:105E6000FDF78AFA54214DF21360FDF785FA0121FE
:105E70004DF21460FDF780FA82214DF21560FDF7B6
:105E80007BFA01214DF21660FDF776FACA214DF238
:105E90001760FDF771FA02214DF21860FDF76CFAF8
:105EA00000214DF21960FDF767FA02214DF21A60E8
:105EB000FDF762FA01214DF21B60FDF75DFA022148
:105EC0004DF21C60FDF758FA34214DF21D60FDF7CC
:105ED00053FA02214DF21E60FDF74EFA67214DF292
:105EE0001F60FDF749FA02214DF22060FDF744FAE8
:105EF00084214DF22160FDF73FFA02214DF222602C
:105F0000FDF73AFAA4214DF22360FDF735FA02219C
:105F10004DF22460FDF730FAB7214DF22560FDF710
:105F20002BFA02214DF22660FDF726FACF214DF221
:105F30002760FDF721FA02214DF22860FDF71CFAD7
:105F4000DE214DF22960FDF717FA02214DF22A6099
:105F5000FDF712FAF2214DF22B60FDF70DFA022146
:105F60004DF22C60FDF708FAFE214DF22D60FDF791
:105F700003FA03214DF22E60FDF7FEF910214DF2D8
:105F80002F60FDF7F9F903214DF23060FDF7F4F9C8
:105F900033214DF23160FDF7EFF903214DF232600C
:105FA000FDF7EAF96D214DF23360FDF7E5F9552172
:105FB0004FF47040FDF7E0F9AA214FF20100FDF720
:105FC000DBF952214FF20200FDF7D6F908214FF21A
:105FD0000300FDF7D1F900214FF20400FDF7CCF9E1
:105FE000CC214FF43140FDF7C7F900214BF20110ED
:105FF000FDF7C2F905214FF43640FDF7BDF97021D8
:106000004FF43740FDF7B8F970214BF20170FDF7FE
:10601000B3F901214FF43840FDF7AEF903214BF6F7
:106020000100FDF7A9F903214BF60200FDF7A4F9E1
:1060300003214BF60300FDF79FF902214FF43C408A
:10604000FDF79AF900214BF60140FDF795F9002183
:106050004BF60240FDF790F9D0214FF44940FDF78F
:106060008BF902214CF60110FDF786F950214CF610
:106070000210FDF781F950214CF60310FDF77CF971
:1060800050214CF60410FDF777F900214FF45450DD
:10609000FDF772F955214FF46850FDF76DF94FF493
:1060A0008850FDF72FF97820FDF7B6F84FF424500B
:1060B000FDF728F9BDE0644B9B8841F663129342DB
:1060C00040F0B780E220FDF71DF91D20FDF72EF905
:1060D0000220FDF72BF90420FDF728F96420FDF7D5
:1060E0009BF8E020FDF70EF90120FDF71FF90A20CB
:1060F000FBF7B4FDE020FDF705F90320FDF716F9E5
:106100000C20FBF7ABFD0120FDF7FCF80A20FBF7A4
:10611000A5FDE620FDF7F6F82F20FDF707F9FF2093
:10612000FDF704F9FF20FDF701F9B020FDF7EAF8CB
:106130002020FDF7FBF80020FDF7F8F80120FDF71F
:10614000F5F840F23F10FDF7F1F80020FDF7EEF80A
:10615000EF20FDF7EBF80020FDF7E8F8B420FDF79D
:10616000D1F80220FDF7E2F840F23F20FDF7DEF81B
:106170000020FDF7DBF82E20FDF7D8F80020FDF712
:10618000D5F80020FDF7D2F80020FDF7CFF8002069
:10619000FDF7CCF8B620FDF7B5F80120FDF7C6F8FD
:1061A0004FF48E70FDF7C2F80020FDF7BFF81720FE
:1061B000FDF7BCF81520FDF7B9F80020FDF7B6F89B
:1061C0000020FDF7B3F8F020FDF79CF80320FDF761
:1061D000ADF82920FDF796F8D020FDF793F80020C0
:1061E000FDF7A4F8BE20FDF78DF80520FDF79EF819
:1061F000FE20FDF79BF80120FDF798F80020FDF741
:1062000095F80020FDF792F80020FDF78FF8B820F0
:10621000FDF778F80320FDF789F80120FDF786F8EF
:10622000BA20FDF76FF80120FDF780F86420FDF734
:10623000F7FB0120FDF728FCFDF730F84FF6FF7063
:1062400000F004F800BF80BD4401002080B584B098
:1062500000AF0346FB800023FB60114B1B88BB6033
:106260000F4B5B881A46BB6802FB03F3BB6000213F
:106270000020FDF7A7F8FDF795F80023FB6005E087
:10628000084AFB885380FB680133FB60FA68BB68EF
:106290009A42F5D300BF00BF1037BD4680BD00BF96
:1062A000440100207E00006C90B585B000AF04462C
:1062B000084611461A462346FB800346BB800B4620
:1062C0007B8013463B8000237B817A88FB88D31A2E
:1062D0009BB201337B81BB88FB8117E0FA89FB8885
:1062E00011461846FDF76EF8FDF75CF80023BB81F8
:1062F00005E00B4A3B8C5380BB890133BB81BA89D3
:106300007B899A42F5D3FB890133FB81FA893B886B
:106310009A42E3D900BF00BF1437BD4690BD00BF0D
:106320007E00006C90B58DB000AF04460846114663
:106330001A462346FB800346BB800B467B801346F0
:106340003B800023BB6200237B627A88FB88D31AE0
:106350003B623A88BB88D31AFB61FB88FB60BB8831
:10636000BB603B6A002B02DD01237B610BE03B6AD3
:10637000002B02D100237B6105E04FF0FF337B61EE
:106380003B6A5B423B62FB69002B02DD01233B6100
:106390000BE0FB69002B02D100233B6105E04FF0CD
:1063A000FF333B61FB695B42FB613A6AFB699A42DE
:1063B00002DD3B6ABB6101E0FB69BB610023FB8539
:1063C0002AE0FB689BB2BA6892B211461846FDF704
:1063D0004BFABA6A3B6A1344BB627A6AFB6913449C
:1063E0007B62BA6ABB699A4207DDBA6ABB69D31A93
:1063F000BB62FA687B691344FB607A6ABB699A42A4
:1064000007DD7A6ABB69D31A7B62BA683B691344B9
:10641000BB60FB8D0133FB85FA8DBB6901339A426A
:10642000CFDD00BF00BF3437BD4690BD90B583B00F
:1064300000AF0446084611461A462346FB80034631
:10644000BB800B467B8013463B80BB887A88B9882B
:10645000F888FFF767FF3B88FA88B988F888FFF764
:1064600061FF3B887A883988F888FFF75BFF3B88B3
:106470007A88B9887888FFF755FF00BF0C37BD468A
:1064800090BD000090B585B000AF044608461146A7
:106490001A462346FB800346BB800B46FB7013461F
:1064A000BB70BB887B81BB78DB08DBB21A46BB784C
:1064B00003F00703DBB2002B14BF01230023DBB280
:1064C0001344DAB2BB785B08DBB212FB03F37B72D6
:1064D000FB78203BFB7000237B7369E0BB780C2BBF
:1064E0000BD1FA78797B384813465B0013449B0044
:1064F00003440B441B78FB7319E0BB78102B08D1C5
:10650000FA787B7B314912010A4413441B78FB73F0
:106510000DE0BB78182B50D1FA78797B2C481346C4
:10652000DB0013449B0003440B441B78FB730023E4
:10653000BB7335E097F90F30002B07DA254B1A882B
:10654000B988FB881846FDF7ABF90AE097F82030C8
:10655000002B06D1204B1A88B988FB881846FDF716
:106560009FF9FB7B5B00FB73BB880133BB801B4B3C
:106570005B88BA889A4222D2BA887B89D21ABB78C1
:106580009A420AD17B89BB80FB880133FB80134B85
:106590001B88FA889A4207D312E0BB7B0133BB7396
:1065A000BB7B072BC6D900E000BF7B7B01337B732D
:1065B0007A7B7B7A9A4291D302E000BF00E000BF71
:1065C0001437BD4690BD00BF9C83000810880008AA
:1065D000008E0008400100202C0000204401002013
:1065E00080B485B000AF03460A46FB711346BB7109
:1065F0000123FB6004E0FA79FB6802FB03F3FB6014
:10660000BB795A1EBA71002BF5D1FB6818461437B6
:10661000BD465DF8047B704790B589B002AFBA60A3
:106620001A460346FB810B46BB811346FB710023D0
:10663000BB750023FB7555E0FA79FB7DD31ADBB2FD
:10664000013BDBB219460A20FFF7CAFF0246BB68CE
:10665000B3FBF2F1284BA3FB0123DA0813469B009E
:1066600013445B00CA1A13467B75BB7D002B1FD1F8
:10667000FA7DFB79013B9A421ADA7B7D002B15D11A
:1066800097F828305B08DBB21A46FB7D9BB212FB01
:1066900003F39AB2FB89134498B297F82830B9896A
:1066A000002200922022FFF7EDFE18E00123BB75C7
:1066B00097F828305B08DBB21A46FB7D9BB212FBD1
:1066C00003F39AB2FB89134498B27B7D3033DAB27C
:1066D00097F82830B98900240094FFF7D3FEFB7D9A
:1066E0000133FB75FA7DFB799A42A5D300BF00BF49
:1066F0001C37BD4690BD00BFCDCCCCCC90B589B089
:1067000002AFBA601A460346FB810B46BB811346B3
:10671000FB710023BB750023FB757EE0FA79FB7DDE
:10672000D31ADBB2013BDBB219460A20FFF758FF50
:106730000246BB68B3FBF2F13D4BA3FB0123DA0831
:1067400013469B0013445B00CA1A13467B75BB7D3E
:10675000002B43D1FA7DFB79013B9A423EDA7B7DE7
:10676000002B39D197F92C30002B1ADA97F8283002
:106770005B08DBB21A46FB7D9BB212FB03F39AB2B5
:10678000FB89134498B297F82C3003F00103DBB275
:1067900097F82820B989009313463022FFF772FE3C
:1067A00038E097F828305B08DBB21A46FB7D9BB2D5
:1067B00012FB03F39AB2FB89134498B297F82C307A
:1067C00003F00103DBB297F82820B9890093134640
:1067D0002022FFF757FE1DE00123BB7597F82830F4
:1067E0005B08DBB21A46FB7D9BB212FB03F39AB245
:1067F000FB89134498B27B7D3033DAB297F82C30A2
:1068000003F00103DBB297F82840B98900932346CF
:10681000FFF738FEFB7D0133FB75FA7DFB799A4269
:10682000FFF47CAF00BF00BF1C37BD4690BD00BF6A
:10683000CDCCCCCC90B587B002AF0446084611460B
:106840001A462346FB800346BB800B467B801346DB
:106850003B80FB88FB737A88FB8813447B803A88F3
:10686000BB8813443B8024E0FA887B889A4207D394
:10687000FB7BFB8097F820309AB2BB881344BB8027
:10688000BA883B889A421DD27B6A1A7897F82030E2
:10689000B988F88800240094FFF7F4FD97F82030B9
:1068A0005B08DBB21A46FB881344FB807B6A01332A
:1068B0007B627B6A1B787E2B05D87B6A1B781F2B3B
:1068C000D2D800E000BF00BF1437BD4690BD000025
:1068D00080B582B000AF02237B60194A3B46126844
:1068E000114619800233120C1A70164A154B9A423F
:1068F00001D900231FE000F0FFF800F0D5F94FF4B4
:106900009670FBF7ABF93B1D04221946002000F0FE
:106910004BFA3B4603221946012000F045FA00F0ED
:10692000D9F90A20FBF79AF901224FF400610648D1
:10693000FBF722F8012318460837BD4680BD00BF8B
:10694000708300080084D717000802402DE9B04F7B
:1069500088B000AFF860244B5B08FA689A4201D314
:1069600000233BE0FB6800229A4693464FF000026A
:106970004FF00003534600221B49490800200C46F3
:10698000054612EB040843EB0509C7E90689164AD8
:1069900000233A607B60D7E90023D7E90601F9F7C5
:1069A0001DFF02460B4613467B617B691B0EDBB263
:1069B0003B747B691B0CDBB27B747B691B0ADBB20B
:1069C000BB747B69DBB2FB7407F110030422194628
:1069D000042000F0E9F900F07DF901231846203782
:1069E000BD46BDE8B08F00BF0084D71780B584B026
:1069F00000AF0346FB80FB88B3F5804F01D3002333
:106A000011E0FB881B0A9BB2DBB23B73FB88DBB255
:106A10007B7307F10C0302221946022000F0C4F92F
:106A200000F058F9012318461037BD4680BD00001C
:106A300080B584B000AF0346FB80FB88B3F5FA7FD6
:106A400001D900230FE0FA8813469B039B1AFA33FF
:106A5000074AA2FB03235B09FB60FB689BB2184655
:106A6000FFF7C4FF034618461037BD4680BD00BF80
:106A7000D34D621080B584B000AF0346FB80FB8825
:106A8000B3F5804F01D3002311E0FB881B0A9BB2B2
:106A9000DBB23B73FB88DBB27B7307F10C03022292
:106AA0001946052000F080F900F014F9012318467A
:106AB0001037BD4680BD80B582B000AF78600B4610
:106AC0007B800020FFF7D6FF0346002B0CD07868B0
:106AD000FFF73CFF0346002B06D07B881846FFF7E4
:106AE000A7FF0346002B01D1002300E00123184635
:106AF0000837BD4680BD000080B58AB000AF07F101
:106B0000140300221A605A609A60DA601A61002346
:106B10003B615F4B1B6B5E4A43F0010313635C4BAD
:106B20001B6B03F001033B613B690023FB60584B87
:106B30001B6B574A43F002031363554B1B6B03F067
:106B40000203FB60FB680023BB60514B1B6B504A88
:106B500043F0040313634E4B1B6B03F00403BB6051
:106B6000BB6800237B604A4B1B6B494A43F0080318
:106B70001363474B1B6B03F008037B607B680023A8
:106B80003B60434B1B6B424A43F040031363404B53
:106B90001B6B03F040033B603B6800224FF48051C5
:106BA0003C48FAF7E9FE00224FF480613A48FAF7D0
:106BB000E3FE002240213848FAF7DEFE01224021A0
:106BC0003648FAF7D9FE00224FF480713348FAF7BD
:106BD000D3FE00224FF400613048FAF7CDFE0022C8
:106BE0004FF480512D48FAF7C7FE002240212C486F
:106BF000FAF7C2FE002240212A48FAF7BDFE002221
:106C00004FF400412748FAF7B7FE0123BB61022386
:106C1000FB6102233B624FF480537B6107F1140355
:106C200019461C48FAF7F4FC4FF488637B6107F1BE
:106C3000140319461848FAF7EBFC4FF4CA537B616A
:106C400007F1140319461548FAF7E2FC40237B616B
:106C500007F1140319461248FAF7DAFC48F2400328
:106C60007B6107F1140319460E48FAF7D1FC4FF483
:106C700080737B610023BB610123FB6107F1140377
:106C800019460848FAF7C4FC00BF2837BD4680BD46
:106C900000380240000002400004024000080240A8
:106CA000000C02400018024080B500AF01224021D4
:106CB0000748FAF761FE0A20FAF7D0FF00224021C8
:106CC0000348FAF759FE0120FAF7C8FF00BF80BD5C
:106CD0000004024080B582B000AF012240210C4880
:106CE000FAF74AFE00237B6003E000BF7B680133B4
:106CF0007B607B681F2BF8D9002240210448FAF7FB
:106D00003BFE00F007F800BF0837BD4680BD00BF5E
:106D10000018024080B483B000AF00237B6003E022
:106D200000BF7B6801337B607B68072BF8D900BF0D
:106D300000BF0C37BD465DF8047B704780B584B05A
:106D400000AF0346FB710023FB731CE000224021CF
:106D50001348FAF711FEFB79DB09DBB21A464FF450
:106D600000411048FAF708FEFFF7D4FF0122402146
:106D70000B48FAF701FEFFF7CDFFFB795B00FB71D3
:106D8000FB7B0133FB73FB7B072BDFD90022402108
:106D90000348FAF7F1FD00BF1037BD4680BD00BFC4
:106DA000000C02400018024080B584B000AF0346DA
:106DB0003960FB711346BB71002240211048FAF77D
:106DC000DBFDFB791846FFF7B9FF0023FB7309E0F1
:106DD000FB7B3A6813441B781846FFF7AFFFFB7B39
:106DE0000133FB73FA7BBB799A42F1D30122402134
:106DF0000348FAF7C1FD00BF1037BD4680BD00BF94
:106E00000008024080B588B000AF07F10C030022F3
:106E10001A605A609A60DA601A610023BB60384BCE
:106E20001B6B374A43F002031363354B1B6B03F0B4
:106E30000203BB60BB6800237B60314B1B6B304A95
:106E400043F0040313632E4B1B6B03F004037B60BE
:106E50007B6800233B602A4B1B6B294A43F02003CD
:106E60001363274B1B6B03F020033B603B6802233B
:106E7000FB6000233B6101237B610223BB6107F1BF
:106E80000C0319461F48FAF7C3FB0423FB6007F104
:106E90000C0319461B48FAF7BBFB4FF40053FB6089
:106EA00001233B6101237B6107F10C03194616485E
:106EB000FAF7AEFB4FF40063FB6007F10C031946D1
:106EC0001248FAF7A5FB0123FB6007F10C031946F2
:106ED0000C48FAF79DFB01224FF400510A48FAF7DB
:106EE0004BFD012201210748FAF746FD01224FF42C
:106EF00000610648FAF740FD00BF2037BD4680BD5F
:106F00000038024000040240000802400014024021
:106F100080B586B002AF78607B68002B01D100237A
:106F200045E002212448FAF70FFD0346002B04D068
:106F30007B6800221A70002339E007F10C0207F188
:106F40000E031146184600F0A3F90346002B04D1A6
:106F50007B6800221A70002329E0FA897B68DA80B6
:106F6000BA897B681A81F889144B1B88013B9BB254
:106F70000122009240F63C72C82100F003FA034659
:106F80001A467B685A80B8890C4B5B88013B9BB2E0
:106F90000022009240F63C72C82100F0F3F903464B
:106FA0001A467B689A807B6801221A700123184672
:106FB0001037BD4680BD00BF0004024044010020E0
:106FC00080B500AF02210548FAF7BEFC0346002B4E
:106FD00001D1012300E00023184680BD00040240D7
:106FE00080B487B000AF78601C4B1B681C4AA2FBC2
:106FF00003239B0C7B617B687A6902FB03F33B6193
:10700000184BDB6803F08073002B05D1154BDB6850
:10701000144A43F08073D360134B1B6803F00103E1
:10702000002B08D1104B00225A600F4B1B680E4AF0
:1070300043F0010313600C4B5B68FB6000BF0A4B1D
:107040005A68FB68D31A3A699A42F8D800BF00BF61
:107050001C37BD465DF8047B704700BF0000002070
:1070600083DE1B43F0ED00E0001000E080B584B04B
:1070700000AF0346FB710023FB731BE0FB79DB09C8
:10708000DBB21A464FF400610E48FAF775FCFB7943
:107090005B00FB71002201210B48FAF76DFC012017
:1070A000FFF79EFF012201210748FAF765FCFB7BF1
:1070B0000133FB73FB7B072BE0D900BF00BF103708
:1070C000BD4680BD001402400004024080B584B07B
:1070D00000AF0346FB710023FB81002201212D48F4
:1070E000FAF74AFC00224FF400612B48FAF744FCFF
:1070F00000224FF400512948FAF73EFCFB7918466C
:10710000FFF7B4FF0620FFF76BFF002201212148A3
:10711000FAF732FC0120FFF763FF012201211D482D
:10712000FAF72AFC0120FFF75BFF00220121194832
:10713000FAF722FC00237B731CE0FB895B00FB81D8
:10714000002201211348FAF717FC0120FFF748FF3E
:10715000012201210F48FAF70FFC04210D48FAF72C
:10716000F3FB0346012B02D1FB890133FB817B7BBF
:1071700001337B737B7B0F2BDFD901224FF400514E
:107180000648FAF7F9FBFB891B099BB21846103732
:10719000BD4680BD000402400014024000080240C9
:1071A00090B589B000AF0346FB710023FB6100235B
:1071B000FB760EE0FC7EFB791846FFF787FF03465F
:1071C0001A46630020333B4423F8142CFB7E013322
:1071D000FB76FB7E042BEDD90023BB7635E0BB7E2E
:1071E00001337B762BE0BB7E5B0020333B4433F8DE
:1071F000142C7B7E5B0020333B4433F8143C9A42D2
:107200001AD9BB7E5B0020333B4433F8143CFB822D
:107210007B7EBA7E5B0020333B4433F8141C530062
:1072200020333B440A4623F8142C7B7E5B0020333A
:107230003B44FA8A23F8142C7B7E01337B767B7ED9
:10724000042BD0D9BB7E0133BB76BB7E032BC6D9C2
:1072500001233B760CE03B7E5B0020333B4433F85C
:10726000143C1A46FB691344FB613B7E01333B76B9
:107270003B7E032BEFD9FB69044AA2FB03235B0887
:107280009BB218462437BD4690BD00BFABAAAAAA40
:1072900080B584B000AF78603960394B9B79002BA2
:1072A00014D09020FFF77CFF0346FB81D020FFF72E
:1072B00077FF0346BB819020FFF772FF03467B8177
:1072C000D020FFF76DFF03463B8113E0D020FFF78E
:1072D00067FF0346FB819020FFF762FF0346BB81F7
:1072E000D020FFF75DFF03467B819020FFF758FF1A
:1072F00003463B81FA897B899A4208D9FA897B89BE
:10730000D31A502B8CBF01230023DBB207E07A890C
:10731000FB89D31A502B8CBF01230023DBB2002B37
:1073200001D0002327E0BA893B899A4208D9BA895B
:107330003B89D31A502B8CBF01230023DBB207E01B
:107340003A89BB89D31A502B8CBF01230023DBB2AF
:10735000002B01D000230EE0FA897B8913445B08DF
:107360009AB27B681A80BA893B8913445B089AB247
:107370003B681A80012318461037BD4680BD00BF08
:107380004401002090B484B000AF04460846114682
:107390001A462346FB800346BB800B467B80134680
:1073A0003B80FA88BB889A4202D80023FB6013E036
:1073B000FA887B889A4202D33B88FB600CE0FA880B
:1073C000BB88D31A1A463B8802FB03F37988BA8834
:1073D0008A1AB3FBF2F3FB603B7E002B03D03A88A2
:1073E000FB68D31AFB60FB689BB218461037BD469A
:1073F00090BC7047002310B50446C0E90033C0E9D3
:107400000433836081814366C28183611946082207
:107410005C3000F009F90D4B63620D4BA3620D4B1C
:10742000E3620D4B23630D4B24629C4206D003F1B3
:107430006802944202D0D0339C4205D104F1580036
:10744000BDE8104000F068B910BD00BFA17500088C
:10745000C3750008FB750008217600085401002060
:10746000024A0349034800F06BB800BF3000002017
:10747000B97F00084000002041680C4B994210B5CC
:10748000044601D000F098FDA168094B994202D052
:10749000204600F091FDE168064B994204D0204659
:1074A000BDE8104000F088BD10BD00BF54010020B1
:1074B000BC010020240200200C4B0D4A0D4810B5E1
:1074C00004211A600022FFF795FF0A4B01221C4697
:1074D000092103F16800FFF78DFF04F1D0000222BB
:1074E000BDE810401221FFF785BF00BF8C020020CD
:1074F0006174000854010020014800F00EB900BF7B
:1075000095020020014800F009B900BF9502002053
:1075100010B50446FFF7F0FF236A1BB1BDE8104029
:10752000FFF7F0BF044B2362044B1B68002BF5D11F
:10753000FFF7C2FFF2E700BF797400088C02002059
:107540002DE9F8430746884614460026D4E90195FC
:10755000B9F1010905D52468002CF7D13046BDE802
:10756000F883AB89012B07D9B5F90E30013303D06D
:1075700029463846C04706436835E9E70FB407B5E2
:10758000064904AB086853F8042B8168019300F0A6
:10759000E9F903B05DF804EB04B070473C0000204B
:1075A00010B50C46B1F90E1000F068F80028ABBF1A
:1075B000636DA3891B1823F48053ACBF6365A3815B
:1075C00010BD2DE9F0411F468B89DB0505460C46B1
:1075D000164605D5B1F90E100223002200F03CF842
:1075E000A389B4F90E1023F48053A38132463B469D
:1075F0002846BDE8F04100F053B810B50C46B1F98B
:107600000E1000F029F8B4F90C30421C0BBF23F423
:10761000805343F48053A381A38118BF606510BDDC
:10762000B1F90E1000F008B802440346934200D1AD
:10763000704703F8011BF9E738B5064D00230446EF
:1076400008462B60FBF789FD431C02D12B6803B170
:10765000236038BD9002002038B5074D0446084627
:10766000114600222A601A46FBF79EFD431C02D1F8
:107670002B6803B1236038BD9002002038B5074D58
:1076800004460846114600222A601A46FBF72CFDE4
:10769000431C02D12B6803B1236038BD9002002047
:1076A00038B5074D04460846114600222A601A469E
:1076B000FBF737FD431C02D12B6803B1236038BDB3
:1076C00090020020014B1868704700BF3C0000206A
:1076D00070B50D4B0D4D5B1B9C100026A64209D1C9
:1076E00000F0B4FD0A4D0B4B5B1B9C100026A6421C
:1076F00005D170BD55F8043B98470136EEE755F8C3
:10770000043B98470136F2E7989B0008989B0008D5
:10771000989B00089C9B00087047704770470000CA
:1077200038B50546002941D051F8043C0C1F002B08
:10773000B8BFE41800F0E0F81D4A136833B963607D
:1077400014602846BDE8384000F0DCB8A34208D9F0
:10775000206821188B4201BF19685B6809182160F5
:10776000EDE71A465B680BB1A342FAD911685018CD
:10777000A0420BD120680144501883421160E0D12F
:1077800018685B68536008441060DAE702D90C237C
:107790002B60D6E7206821188B4204BF19685B680C
:1077A000636004BF091821605460CAE738BD00BF98
:1077B0009C02002070B50F4E0C463168054611B989
:1077C00000F0B4FC30602146284600F0AFFC431CBA
:1077D00003D14FF0FF34204670BDC41C24F00304D5
:1077E000A042F8D0211A284600F0A0FC0130F2D1C6
:1077F000EFE700BF980200202DE9F843CD1C25F0EB
:10780000030508350C2D38BF0C25002D064601DB7D
:10781000A94204D90C2333600020BDE8F883DFF8C7
:10782000D48000F069F8D8F800301C4644BB2946E3
:107830003046FFF7BFFF431C044658D1D8F800403C
:107840002746002F43D1002C4BD0236839463046C1
:1078500004EB030900F06AFC814542D121686D1AEE
:1078600029463046FFF7A6FF01303AD023682B4463
:107870002360D8F800305A6862BBC8F800700FE087
:107880002268521B20D40B2A17D96119A342256004
:1078900018BF5960636808BFC8F8001062514B6098
:1078A000304600F02FF804F10B00231D20F00700F4
:1078B000C21A1CBF1B1AA350AFE76268A3420CBFD9
:1078C000C8F800205A60EBE723466468AEE73C4600
:1078D0007F68B6E71A465B68A342FBD1002353607A
:1078E000DEE70C233360304600F00CF894E70560C7
:1078F000D6E700BF9C0200200148FFF70EBF00BF83
:10790000940200200148FFF709BF00BF9402002045
:107910009368013B002B10B4936008DA9469A3428A
:1079200001DB0A2903D15DF8044B00F06DBB13683D
:10793000581C1060197008465DF8044B7047F8B584
:1079400006460F461446D518AC4201D1002007E088
:1079500014F8011B3A463046FFF7DAFF431CF3D117
:10796000F8BD00002DE9F0470D469CB014461F46B7
:10797000064618B1036A0BB9FFF7CAFD6B6ED9074B
:1079800005D4AB899A0502D4A86DFFF7C6FEAB8972
:107990001B0701D52B699BB92946304600F072FBC5
:1079A00070B16B6EDC0704D54FF0FF301CB0BDE842
:1079B000F087AB899805F7D4A86DFFF7AFFEF3E722
:1079C0000023099320238DF82930039730236A4F31
:1079D0008DF82A304FF001082346994613F8012B01
:1079E0000AB1252AF9D1B9EB040A0BD05346224635
:1079F00029463046FFF7A3FF013000F0A480099A22
:107A00005244099299F80030002B00F09C8000232A
:107A10004FF0FF32CDE9052309F1010904930793E3
:107A20008DF853301A934C46534814F8011B052225
:107A3000F9F76EF8049BD0B9D90644BF20228DF81F
:107A400053201A0744BF2B228DF8532099F80020A9
:107A50002A2A13D0079A4C4600204FF00A0C2146E0
:107A600011F8013B303B092B49D968B913E0C01B21
:107A700008FA00F018430490A146D4E7039A111DB8
:107A800012680391002A01DB079204E0524243F09E
:107A900002030792049323782E2B0AD163782A2BB2
:107AA00032D1039B1A1D1B68039243EAE37302342D
:107AB0000593DFF8D490217803224846F9F728F897
:107AC00038B1049BA0EB09004022824013430134EB
:107AD000049314F8011B29488DF828100622F9F7A1
:107AE00017F800283ED0264818BB039B073323F025
:107AF000070308330393099B034409936CE70CFBCA
:107B000002320C460120AAE70023013405931946EE
:107B10004FF00A0C204610F8012B303A092A03D9FD
:107B2000002BC6D00591C4E70CFB012104460123BC
:107B3000F0E703AB00932A46124B04A93046AFF39B
:107B40000080431CD7D16B6ED90705D4AB899A0549
:107B500002D4A86DFFF7E2FDAB895B063FF524AFC9
:107B6000099823E703AB00932A46064B04A9304645
:107B700000F07AF8E5E700BF5C9B0008669B000810
:107B8000000000003F790008629B00082DE9F047E3
:107B9000164698468A680B69DDF820909342B8BF74
:107BA0001346336091F8432007460C460AB101336F
:107BB00033602368990642BF336802333360256817
:107BC00015F0060506D104F1190AE36832689B1A1C
:107BD000AB4226DC94F843302268003B18BF0123F7
:107BE00092062BD404F1430241463846C84701307F
:107BF0001ED02368226903F00603042B02BFE56848
:107C00003368ED1AA3680CBF25EAE5750025934299
:107C1000C4BF9B1AED1800261A34B5421AD10020B1
:107C200008E00123524641463846C847013003D197
:107C30004FF0FF30BDE8F0870135C6E7E1185A1C68
:107C4000302081F84300224494F8451082F8431014
:107C50000233C7E70123224641463846C847013070
:107C6000E6D00136D9E700002DE9F0430D7E85B05E
:107C7000782D90460C9E07460C46994601F143022A
:107C800007D8622D0AD8002D00F0D780582D00F0BB
:107C9000BC8004F1420684F842503BE0A5F1630346
:107CA000152BF6D801A151F823F000BF057D00087F
:107CB000197D0008937C0008937C0008937C0008E1
:107CC000937C0008197D0008937C0008937C0008D1
:107CD000937C0008937C0008217E0008437D000807
:107CE000D37D0008937C0008937C0008437E000845
:107CF000937C0008437D0008937C0008937C000877
:107D0000DB7D000833681A1D1B68326004F14206EF
:107D100084F842300123A1E033682068191D3160E6
:107D2000060601D51D6803E04506FBD5B3F90050F2
:107D3000002D03DA2D236D4284F843305B480A237B
:107D400011E021683368080653F8045B02D4490641
:107D500048BFADB23360237E54486F2B5CD10823FB
:107D6000002184F843106668A660002E05DB2168B8
:107D70002E4321F00401216050D01646B5FBF3F1EB
:107D800003FB115C10F80CC006F801CDAC4663454E
:107D90000D46F3D9082B0BD12368DB0708D52369DF
:107DA00061689942DEBF302306F8013C06F1FF36D8
:107DB000921B2261CDF80090434603AA2146384623
:107DC000FFF7E4FE01304ED14FF0FF3005B0BDE8C3
:107DD000F083236843F0200323603548782584F836
:107DE00045502368316813F0800F51F8045B03D1CC
:107DF00013F0400F18BFADB23160D90744BF43F054
:107E0000200323601DB11023AAE72848E7E7236871
:107E100023F020032360F6E70A23A1E71646B9E71B
:107E2000336825686169181D30602E061B6801D50E
:107E3000196002E06806FBD519800023236116460D
:107E4000B8E733681A1D32601E6862680021304648
:107E5000F8F75EFE08B1801B606063682361002351
:107E600084F84330A6E72369324641463846C8477E
:107E70000130A9D023689B0713D4E068039B984284
:107E8000B8BF1846A2E70123324641463846C847E4
:107E9000013099D00135E36803995B1AAB42F2DCFB
:107EA000EBE7002504F11906F5E700BF6D9B00081C
:107EB0007E9B0008B1F90C202DE9F041160705461C
:107EC0000C4651D44B68002B02DC0B6C002B49DDB7
:107ED000E66A002E46D0002312F480522F682B60F1
:107EE00031D0626DA389590705D56368D21A636BD7
:107EF0000BB1236CD21A0023E66A216A2846B047E8
:107F0000421CB4F90C3006D129681D2946D8294AEB
:107F1000CA40D60742D500226260D9042269226095
:107F200004D5421C01D12B6803B96065616B2F60D9
:107F3000C1B104F14403994202D02846FFF7F0FB97
:107F4000002363630EE0216A01232846B0470246FE
:107F5000501CC7D12B68002BC4D01D2B01D0162B71
:107F60001AD12F6000201EE00F69002FFAD093076E
:107F70000E6808BF4B690F6018BF0023A6EB070807
:107F80008B60B8F1000FEDDD216AA66A43463A46E0
:107F90002846B047002808DCB4F90C3043F0400311
:107FA000A3814FF0FF30BDE8F0810744A8EB000843
:107FB000E7E700BF0100402038B50B6905460C46D5
:107FC00013B90025284638BD18B1036A0BB9FFF76D
:107FD0009FFAB4F90C30002BF3D0626ED00704D4B2
:107FE000990502D4A06DFFF798FB28462146FFF7BC
:107FF00061FF636EDA070546E4D4A3899B05E1D4EB
:10800000A06DFFF78BFBDDE7F8B50E46144605467D
:1080100018B1036A0BB9FFF77BFAA369A360A389C0
:108020001A0701D5236943B92146284600F02AF8EA
:1080300018B14FF0FF373846F8BD23682269981A07
:108040006369F6B28342374605DC21462846FFF7CE
:10805000B3FF0028EDD1A368013BA36023685A1C3D
:1080600022601E706269431C9A4204D0A389DB0718
:10807000E1D50A2EDFD121462846FFF79DFF0028D3
:10808000D9D0D6E738B5284B054618680C4618B144
:10809000036A0BB9FFF73CFAB4F90C301A0721D484
:1080A000D80607D409222A6043F04003A3814FF089
:1080B000FF3030E0590712D5616B41B104F1440340
:1080C000994202D02846FFF72BFB0023636300226E
:1080D000B4F90C3062602269226023F0240343F07B
:1080E0000803A38122693AB99A0501D5180603D578
:1080F0002146284600F04EF8B4F90C3013F0010286
:108100000AD00022A26062695242A261226942B989
:1081100013F08000C8D138BD990758BF6269A260CA
:10812000F4E70020F7E700BF3C00002038B5064D1B
:108130000023044608462B60FAF7A0FF431C02D137
:108140002B6803B1236038BD9002002070B50C4647
:10815000B1F90E10002996B015461E460ADAA1891B
:1081600011F0800113D14FF48062002031602A6049
:1081700016B070BD6A4600F047F80028EFDB0199A1
:1081800001F47041A1F5005359425941EBE7002138
:108190004022EAE78B8973B59E0705460C4607D552
:1081A00004F14703236023610123636102B070BDC2
:1081B00001AB6A46FFF7CAFF009E28463146FFF72B
:1081C0001BFBB4F90C3038B99A05EFD423F0030344
:1081D00043F00203A381E3E743F08003A381019B03
:1081E0002060C4E90406002BE0D0B4F90E10284644
:1081F00000F01CF80028D9D0A38923F0030343F032
:108200000103A381D2E7000038B5074D00230446DF
:10821000084611462B60FAF7ACFF431C02D12B68CD
:1082200003B1236038BD00BF9002002038B5064D71
:108230000023044608462B60FAF7ABFF431C02D12B
:108240002B6803B1236038BD90020020F8B500BF51
:10825000F8BC08BC9E467047F8B500BFF8BC08BC27
:048260009E4670477F
:10826400444143202B2044445320434F4E54524F07
:108274004C0000004441433A000000002D0000007F
:108284002B000000465245513A000000487A000095
:108294005441502053455400414D503A00000000D1
:1082A4006D5670700000000044445320494E4954F8
:1082B400204552524F520000444453204150504CE8
:1082C40059204552524F5200444453205245414490
:1082D40059000000444453204F5554505554204FE6
:1082E4004E000000444453204F5554505554204FE1
:1082F40046460000463A312D31304D487A20413A05
:10830400302D3530306D5670700000002E000000A6
:1083140056000000494E56414C49440053455420F0
:108324004652455155454E4359000000534554208B
:10833400414D504C4954554445000000312D3130D5
:10834400303030303030487A00000000302D353085
:10835400306D56707000000058000000204C4344FB
:108364002049443A25780D0A000000000000A700C7
:1083740000000000000000000102030406070809D1
:108384003132333435363738393C304F3132333487
:1083940035363738393C304F00000000000000000B
:1083A40000000000000000003F400000000000004A
:1083B40000003000400030004000000009000BC005
:1083C4003D000BC03D00090018C024407FE022405E
:1083D40031800000180024C01B000D803240018051
:1083E40003801C4027401C800740004010006000B0
:1083F40000000000000000000000000000001F80DA
:10840400204040200000402020401F800000000049
:10841400090006001F800600090000000400040093
:108424003F80040004000000001000600000000011
:108434000000000004000400040004000400000024
:10844400000000400000000000000000002001C007
:1084540006003800400000001F80204020402040DB
:108464001F800000000010403FC0004000000000DA
:1084740018C02140224024401840000010802040B1
:10848400244024401B80000002000D0011003FC066
:10849400014000003C80244024402440238000000C
:1084A4001F8024402440344003800000300020001A
:1084B40027C03800200000001B80244024402440B2
:1084C4001B8000001C0022C0224022401F800000AC
:1084D4000000000008400000000000000000000050
:1084E4000460000000000000000004000A00110005
:1084F400208040400900090009000900090000002B
:1085040000004040208011000A00040018002000F0
:1085140023402400180000001F80204027402940E9
:108524001F400000004007C039000F0001C0004098
:1085340020403FC0244024401B8000001F80204076
:10854400204020403080000020403FC02040204098
:108554001F80000020403FC024402E4030C0000057
:1085640020403FC024402E00300000000F00108047
:10857400204022403380020020403FC00400040019
:108584003FC02040204020403FC020402040000009
:108594000060202020203FC02000200020403FC059
:1085A40024400B0030C0204020403FC02040004009
:1085B400004000C03FC03C0003C03C003FC000007E
:1085C40020403FC00C4023003FC020001F802040BB
:1085D400204020401F80000020403FC02440240051
:1085E400180000001F802140214020E01FA000004F
:1085F40020403FC02440260019C0004018C0244039
:108604002440224031800000300020403FC0204000
:108614003000000020003F80004000403F802000E8
:1086240020003E0001C0070038002000380007C0C9
:108634003C0007C038000000204039C0060039C0A3
:10864400204000002000384007C0384020000000CF
:10865400304021C02640384020C000000000000007
:108664007FE0402040200000000070000C000380E8
:10867400004000000000402040207FE00000000097
:108684000000200040002000000000000010001046
:108694000010001000100010000000004000000056
:1086A40000000000000002800540054003C00040B7
:1086B40020003FC004400440038000000000038009
:1086C40004400440064000000000038004402440AD
:1086D4003FC0004000000380054005400340000007
:1086E400000004401FC0244024402000000002E099
:1086F400055005500650042020403FC004400400AB
:1087040003C000400000044027C0004000000000F7
:1087140000100010041027E00000000020403FC0BB
:108724000140070004C00440204020403FC00040F6
:108734000040000007C0040007C0040003C000009C
:10874400044007C00440040003C00040000003804C
:108754000440044003800000041007F00450044067
:1087640003800000000003800440045007F0001060
:10877400044007C00240040004000000000006405A
:108784000540054004C00000000004001F800440B0
:1087940000400000040007800040044007C000407F
:1087A4000400070004C0018006000400060001C0A4
:1087B400070001C006000000044006C0010006C016
:1087C400044000000410071004E0018006000400C7
:1087D4000000044005C00640044000000000000002
:1087E40004007BE040200000000000000000FFF0D7
:1087F40000000000000040207BE0040000000000B6
:1088040040008000400020002000400000000000E4
:108814000000000000000000000000000000000054
:1088240000001FCC000C0000000000000000080045
:10883400300060000800300060000000022003FCEB
:108844001E20022003FC1E200220000000000E183F
:1088540011043FFF10840C78000000000F00108406
:108864000F3800C0077818840078000000780F845F
:1088740010C411240E9800E4008400080800680065
:108884007000000000000000000000000000000074
:10889400000007E018182004400200000000400215
:1088A4002004181807E00000000000000240024005
:1088B40001800FF00180024002400000008000802F
:1088C40000800FF800800080008000000001000D8F
:1088D400000E000000000000000000000000008006
:1088E4000080008000800080008000800000000C78
:1088F400000C000000000000000000000000000662
:10890400001800600180060018002000000007F035
:10891400080810041004080807F000000000080408
:1089240008041FFC000400040000000000000E0CFA
:1089340010141024104411840E0C000000000C18B4
:1089440010041104110412880C700000000000E0EF
:108954000320042408241FFC0024000000001F98A6
:10896400108411041104108810700000000007F036
:1089740008881104110418880070000000001C000D
:10898400100010FC13001C001000000000000E3842
:1089940011441084108411440E38000000000700B4
:1089A400088C10441044088807F000000000000000
:1089B4000000030C030C0000000000000000000095
:1089C400000101060000000000000000000000801B
:1089D40001400220041008081004000002200220B4
:1089E40002200220022002200220000000001004C5
:1089F40008080410022001400080000000000E005E
:108A04001200100C106C10800F00000003E00C1812
:108A140013E4142417C4082807D000000004003C01
:108A240003C41C40074000E4001C000410041FFCA5
:108A34001104110411040E880070000003E00C18E6
:108A440010041004100410081C10000010041FFC73
:108A5400100410041004080807F0000010041FFCA0
:108A64001104110417C410040818000010041FFC9A
:108A74001104110017C010000800000003E00C18D6
:108A84001004100410441C780040000010041FFC63
:108A940010840080008010841FFC10040000100467
:108AA40010041FFC10041004000000000003000167
:108AB400100110011FFE10001000000010041FFC24
:108AC400110403801464181C1004000010041FFC1B
:108AD4001004000400040004000C000010041FFC37
:108AE4001F0000FC1F001FFC1004000010041FFCEA
:108AF4000C04030000E010181FFC100007F0080825
:108B0400100410041004080807F0000010041FFCEF
:108B140010841080108010800F00000007F00818E7
:108B240010241024101C080A07F2000010041FFC73
:108B34001104110011C011300E0C000400000E1CB1
:108B440011041084108410441C3800001800100014
:108B540010041FFC100410001800000010001FF87F
:108B640010040004000410041FF8100010001E007C
:108B740011E0001C007013801C0010001FC0103C8A
:108B840000E01F0000E0103C1FC000001004180C9F
:108B9400163401C001C01634180C100410001C0057
:108BA400130400FC13041C00100000000804101C33
:108BB4001064108413041C0410180000000000004A
:108BC40000007FFE4002400240020000000030002E
:108BD4000C0003800060001C000300000000400241
:108BE400400240027FFE0000000000000000000080
:108BF400200040004000400020000000000100016F
:108C0400000100010001000100010001000040001A
:108C14004000200000000000000000000000009858
:108C2400012401440144014400FC000410001FFC21
:108C34000088010401040088007000000000007036
:108C44000088010401040104008800000000007091
:108C540000880104010411081FFC0004000000F84E
:108C6400014401440144014400C80000000001041F
:108C740001040FFC1104110411001800000000D6B7
:108C840001290129012901C90106000010041FFC62
:108C9400008401000100010400FC00040000010440
:108CA400190419FC00040004000000000000000383
:108CB40000010101190119FE0000000010041FFC4D
:108CC4000024004001B4010C010400000000100461
:108CD40010041FFC0004000400000000010401FC57
:108CE4000104010001FC0104010000FC010401FC79
:108CF400008401000100010400FC0004000000F8ED
:108D0400010401040104010400F80000010101FF51
:108D14000085010401040088007000000000007058
:108D2400008801040104010501FF0001010401049C
:108D340001FC00840104010001800000000000CC5B
:108D440001240124012401240198000000000100F1
:108D5400010007F80104010400000000010001F80B
:108D6400000400040004010801FC00040100018067
:108D74000170000C001001600180010001F0010C81
:108D8400003001C00030010C01F0010000000104BA
:108D9400018C00740170018C010400000101018147
:108DA4000171000E001801600180010000000184BF
:108DB400010C013401440184010C00000000000096
:108DC4000000000001003EFC4002400200000000E0
:108DD40000000000FFFF000000000000000040024F
:108DE40040023EFC010000000000000000006000A2
:108DF40080008000400040002000200000000000AF
:108E0400000000000000000000000000000000005E
:108E1400000000000000000000000000000000004E
:108E24000000000000000000000000000000000F2F
:108E340080380FFE380F803800000000000000006A
:108E44000000000000000000000001000006000017
:108E54000C00003800003100000600000C0000384F
:108E64000000300000000000000000006180006786
:108E7400F807F980006180006180006180006180F2
:108E84000067F807F980006180000000000000001E
:108E9400000001C0E003E0F00630080418081FFFDA
:108EA400FE040E080787F00381E0000000000000C4
:108EB40001F000060C00040408060C7001F9C0005F
:108EC4000E00003BE000EC18070808040C1800032F
:108ED400E00000000001E00007F003F818041C089B
:108EE40004170807E1D003C0E00023B0003C0800E9
:108EF4002008000010000000000000010000310004
:108F0400003200001C00000000000000000000000F
:108F1400000000000000000000000000000000004D
:108F24000000000000000000000000007F0001FFBE
:108F3400C00780F00C00181000042000020000009C
:108F44000000002000021000040C00180780F0014B
:108F5400FFC0007F000000000000000000000000CF
:108F640000000000000000004200006600006600EF
:108F7400003C0000180003FFC0001800003C000083
:108F840066000066000042000000000008000008BF
:108F94000000080000080000080001FFC0000800ED
:108FA400000800000800000800000800000000009D
:108FB400000100003100003200001C00000000002D
:108FC400000000000000000000000000000000009D
:108FD400000000000800000800000800000800006D
:108FE400080000080000080000080000080000084D
:108FF40000000000000000000000000038000038FD
:109004000000380000000000000000000000000024
:109014000000000000000000000000000006000046
:109024001C000070000180000E0000380000C00029
:109034000700001C000030000000000000000000D9
:109044007F8001FFE003807006001804000804001C
:109054000806001803807001FFE0007F8000000014
:1090640000000000000001000801000801000803DE
:10907400FFF807FFF80000080000080000080000DF
:109084000000000000000001C03802C0580400982D
:10909400040118040218040418061C1803F8180123
:1090A400E0F800000000000000000001C0E003C080
:1090B400F004000804080804080806180803F41853
:1090C40001E7F00001E000000000000000000000E3
:1090D4000300000D0000110000610000810803017D
:1090E4000807FFF80FFFF80001080001080000005E
:1090F4000000000000E007FCD0060808061008067F
:109104001008061008061838060FF00607C00000FD
:1091140000000000000000003F8001FFE0038430F5
:109124000208180410080410080410080718100393
:109134000FF00007C000000000000000000003C0A2
:10914400000700000600000600F80607F8061800ED
:1091540006E0000700000600000000000000000117
:10916400E1E003F7F0063410041808041808040CAE
:1091740008040C0806161803F3F001C1E00000000F
:1091840000000000F80003FC300306380402080461
:1091940002080402080404100308F001FFC0007F61
:1091A40000000000000000000000000000000000BB
:1091B40000000000703800703800703800000000B3
:1091C400000000000000000000000000000000009B
:1091D4000000000000000000301A00301C000000F5
:1091E400000000000000000000000000000000007B
:1091F400000000080000140000220000410000806C
:109204008001004002002004001008000800000053
:1092140000000000210000210000210000210000C6
:109224002100002100002100002100002100002174
:109234000000000000000000000008000804001006
:109244000200200100400080800041000022000054
:10925400140000080000000000000003C00004C067
:1092640000040000080038080F3808083808100007
:109274000C300007E00003C0000000000000000004
:109284003F8000FFE0038070020F1006708804C066
:1092940088048308047F8802C09003012000FE40F4
:1092A4000000080000180001F8003E0801C2000791
:1092B400020007E20000FE00001FC80001F80000E1
:1092C4003800000804000807FFF807FFF80408083E
:1092D40004080804080804080806180803F4180118
:1092E400E7F00001E0000000000000003F8001FF03
:1092F400E003807002001804000804000804000859
:109304000400100600200780C000000004000807C5
:10931400FFF807FFF804000804000804000804002C
:109324001802001003807001FFE0007F800000003D
:1093340004000807FFF807FFF804080804080804F5
:109344000808040808043E08040008060018010080
:109354006000000004000807FFF807FFF80408088D
:10936400040800040800040800043E000600000687
:109374000000018000000000000000003F8001FFA9
:10938400E0038070060018040008040208040208C0
:109394000203F00783F00002000002000400080743
:1093A400FFF807FFF8040808000800000800000898
:1093B4000000080004080807FFF807FFF804000885
:1093C400000000000000040008040008040008076E
:1093D400FFF807FFF8040008040008040008000070
:1093E400000000000000000000060000070000016B
:1093F40004000104000104000307FFFE07FFFC044E
:10940400000004000004000004000807FFF807FF40
:10941400F8040C08001800003E0004C7800503C8C7
:109424000600F804003804001800000804000807C7
:10943400FFF807FFF8040008000008000008000017
:109444000800000800000800001800006000000088
:1094540004000807FFF807800807FC00007FC0002D
:1094640003F80007C000780007800807FFF807FF2B
:10947400F804000804000807FFF807000803C00008
:1094840000E000003800001E000007000001C004D6
:1094940000F007FFF8040000000000007F8001FFD7
:1094A400E003807006001804000804000806001891
:1094B40003003001FFE0007F800000000400080783
:1094C400FFF807FFF804040804040004040004047B
:1094D40000040400060C0003F80001F00000000082
:1094E400000000007F8001FFE00380700600880414
:1094F40000880400C806003C03003E01FFE6007F2C
:109504008400000004000807FFF807FFF8040808B7
:10951400040800040C00040F00040BC00610F00340
:10952400F03801E00800000800000001E0F803F052
:1095340030063010041808041808040C08040C0839
:109544000206180207F00781E0000000018000060F
:10955400000004000004000004000807FFF807FFEF
:10956400F804000804000004000006000001800064
:1095740004000007FFE007FFF004001800000800E3
:10958400000800000800000800000804001007FF9D
:10959400E004000004000006000007E00007FE00ED
:1095A400041FE00001F80000380001E0043E000759
:1095B400C00006000004000004000007E00007FFEC
:1095C400C0041FF80007C007F80007FF80043FF835
:1095D4000007C004F80007000004000000000004B5
:1095E400000806001807C07805F1C8003E00001FF7
:1095F400800463E80780F8060018040008000000EF
:1096040004000006000007800007E008047C08004E
:109614001FF80007F800180804E008070000060017
:10962400000400000000000100080600380400F8EF
:109634000403E8040F08047C0805F00807C00807C1
:10964400001804006000000000000000000000009A
:10965400000000000000003FFFFE20000220000286
:109664002000022000022000020000000000000090
:10967400000008000007000000C0000038000006D9
:10968400000001C000003000000E000001000000D6
:109694000000000000002000022000022000022040
:1096A40000022000023FFFFE000000000000000056
:1096B400000000000000000000000000000800009E
:1096C40010000030000020000030000010000008EE
:1096D4000000000000000000000001000001000084
:1096E4000100000100000100000100000100000170
:1096F4000000010000010000010000010000000062
:1097040000000000002000002000001000001000F5
:109714000000000000000000000000000000000045
:109724000000000000F00019F8001B1800220800D7
:109734002608002408002410003FF8001FF8000049
:109744000800001800000004000007FFF80FFFF0F5
:109754000018180010080020080020080030180025
:109764001FF0000FC00000000000000007C0001F31
:10977400F0001830002008002008002008003C08F1
:10978400001C100000600000000000000000000049
:1097940007C0001FF000381800200800200800202F
:1097A4000804101007FFF80FFFF00000100000007D
:1097B4000000000000000007C0001FF0001230008D
:1097C4002218002208002208003208001E10000E91
:1097D40020000000000000002000002008002008F5
:1097E40001FFF803FFF806200804200804200807F6
:1097F400200003000000000000000000000E000E26
:109804006E001FF30031B10020B10020B10031918E
:10981400001F13002E1E00200E0030000000000464
:10982400000807FFF80FFFF80010080020000020D0
:1098340000002008003FF8001FF8000008000000A6
:109844000000000000000020080020080020080696
:109854003FF8063FF8000008000008000008000078
:1098640000000000000000000000000003000003EE
:10987400002001002001002003063FFE063FFC00FB
:10988400000000000000000000000004000807FFC2
:10989400F80FFFF8000188000300002FC00038F81B
:1098A400002038002008000008000000000000002C
:1098B400000004000804000804000807FFF80FFF74
:1098C400F800000800000800000800000000000084
:1098D400002008003FF8003FF800100800200000B6
:1098E4003FF8003FF8001008002000003FF8003F58
:1098F400F8000008000000002008003FF8003FF8CE
:10990400001008001000002000002008003FF800AC
:109914001FF80000080000000000000007C0000F4E
:10992400F00018300030080020080020080030083B
:10993400001830000FF00007C00000000000000015
:109944002001003FFF003FFF00101100200900200C
:1099540008002008003038001FF0000FC00000008D
:109964000000000007C0001FF000381800200800A5
:109974002008002009001011001FFF003FFF000015
:1099840001000000002008002008002008003FF823
:10999400003FF8000808001008002008002000001C
:1099A4003000003000000000000000000000000C47
:1099B40078001E18003308002308002108002188BD
:1099C4000021980030F00038600000000000000022
:1099D400200000200000200000FFF003FFF800201A
:1099E40008002008002008000030000000000000EB
:1099F400000000002000003FF0007FF80000180085
:109A04000008000008002010003FF8007FF000006C
:109A140010000000000000002000003000003C00A6
:109A2400003F800023F000007800007000238000D5
:109A34003C00003000002000002000003C00003FFB
:109A4400E00023F80000E0002700003E00003FE0B3
:109A54000021F80001E0003E0000200000000000AA
:109A64002008002008003838003E680027800003E2
:109A7400C8002CF800383800201800200800000026
:109A8400000000002000003003003C01003F830080
:109A940023EC000070002380003C00002000002024
:109AA400000000000000000000000038080020381A
:109AB4000020F80023E8002F88003E080038080042
:109AC40020180000700000000000000000000000EA
:109AD400000000000000000008000014001FF7FC54
:109AE400300006200002000000000000000000001A
:109AF4000000000000000000000000000000FFFF64
:109B0400FF00000000000000000000000000000052
:109B14000000000000002000023000061FF7FC00D7
:109B24001400000800000000000000000000000015
:109B34000000000000000018000060000040000069
:109B44004000002000001000000800000400000491
:109B540000000C0000100000232D302B2000686C46
:109B64004C0065666745464700303132333435363C
:109B74003738394142434445460030313233343575
:0C9B8400363738396162636465660000A2
:089B90007C6CFF7F0100000066
:049B9800B50100080B
:049B9C00910100082B
:109BA0000024F400100000000100E803E8030000B6
:109BB00064000100000002400100000000000000FD
:109BC000001002401000000000000000FFFF000035
:109BD00000000000030000005401002040000020AD
:109BE0000000000054010020BC01002024020020DD
:109BF0000000000000000000000000000000000065
:109C00000000000000000000000000000000000054
:109C10000000000000000000000000000000000044
:0C9C200000000000000000000000000038
:04000005080031C5F9
:00000001FF
